adhocMargin,applicableMargin,averagePrice,basePrice,bcEndDate,bcStartDate,buyPrice1,buyPrice2,buyPrice3,buyPrice4,buyPrice5,buyQuantity1,buyQuantity2,buyQuantity3,buyQuantity4,buyQuantity5,change,closePrice,cm_adj_high_dt,cm_adj_low_dt,cm_ffm,companyName,css_status_desc,custom_MD_index,date1,date2,dayHigh,dayLow,deliveryQuantity,deliveryToTradedQuantity,exDate,extremeLossMargin,faceValue,high52,indexVar,isExDateFlag,isinCode,lastPrice,low52,marketType,ndEndDate,ndStartDate,open,pChange,previousClose,priceBand,pricebandlower,pricebandupper,purpose,quantityTraded,recordDate,secDate,securityVar,sellPrice1,sellPrice2,sellPrice3,sellPrice4,sellPrice5,sellQuantity1,sellQuantity2,sellQuantity3,sellQuantity4,sellQuantity5,series,surv_indicator,symbol,totalBuyQuantity,totalSellQuantity,totalTradedValue,totalTradedVolume,varMargin
,12.5,407.7,402.5,24-SEP-19,14-SEP-19,407.7,,,,,5345.0,,,,,5.1,407.7,21-NOV-19,11-DEC-18,14269.52,Indraprastha Gas Limited,Listed,0,0,0,410.5,403.6,414545.0,30.16,12-SEP-19,5.0,2.0,438.7,,False,INE203G01027,407.6,241.0,N,,,405.0,1.27,402.5,No Band,362.25,442.75,ANNUAL GENERAL MEETING/DIVIDEND - RS 2.40 PER SHARE,1374285.0,,27-Nov-2019 00:00:00,6.55,,,,,,,,,,,EQ,,IGL,5345.0,,5602.96,1374285.0,7.5
,12.5,407.7,402.5,24-SEP-19,14-SEP-19,407.7,,,,,5345.0,,,,,5.1,407.7,21-NOV-19,11-DEC-18,14269.52,Indraprastha Gas Limited,Listed,0,0,0,410.5,403.6,414545.0,30.16,12-SEP-19,5.0,2.0,438.7,,False,INE203G01027,407.6,241.0,N,,,405.0,1.27,402.5,No Band,366.95,448.45,ANNUAL GENERAL MEETING/DIVIDEND - RS 2.40 PER SHARE,1374285.0,,27-Nov-2019 00:00:00,6.55,,,,,,,,,,,EQ,,IGL,5345.0,,5602.96,1374285.0,7.5
,12.5,407.7,402.5,24-SEP-19,14-SEP-19,407.7,,,,,5345.0,,,,,5.1,407.7,21-NOV-19,11-DEC-18,14269.52,Indraprastha Gas Limited,Listed,0,0,0,410.5,403.6,414545.0,30.16,12-SEP-19,5.0,2.0,438.7,,False,INE203G01027,407.6,241.0,N,,,405.0,1.27,402.5,No Band,366.95,448.45,ANNUAL GENERAL MEETING/DIVIDEND - RS 2.40 PER SHARE,1374285.0,,27-Nov-2019 00:00:00,6.55,,,,,,,,,,,EQ,,IGL,5345.0,,5602.96,1374285.0,7.5
,12.5,407.7,402.5,24-SEP-19,14-SEP-19,407.7,,,,,5345.0,,,,,5.1,407.7,21-NOV-19,11-DEC-18,14269.52,Indraprastha Gas Limited,Listed,0,0,0,410.5,403.6,414545.0,30.16,12-SEP-19,5.0,2.0,438.7,,False,INE203G01027,407.6,241.0,N,,,405.0,1.27,402.5,No Band,366.95,448.45,ANNUAL GENERAL MEETING/DIVIDEND - RS 2.40 PER SHARE,1374285.0,,27-Nov-2019 00:00:00,6.55,,,,,,,,,,,EQ,,IGL,5345.0,,5602.96,1374285.0,7.5
,12.5,407.7,402.5,24-SEP-19,14-SEP-19,407.7,,,,,5345.0,,,,,5.1,407.7,21-NOV-19,11-DEC-18,14269.52,Indraprastha Gas Limited,Listed,0,0,0,410.5,403.6,414545.0,30.16,12-SEP-19,5.0,2.0,438.7,,False,INE203G01027,407.6,241.0,N,,,405.0,1.27,402.5,No Band,366.95,448.45,ANNUAL GENERAL MEETING/DIVIDEND - RS 2.40 PER SHARE,1374285.0,,27-Nov-2019 00:00:00,6.55,,,,,,,,,,,EQ,,IGL,5345.0,,5602.96,1374285.0,7.5
,12.5,407.7,402.5,24-SEP-19,14-SEP-19,407.7,,,,,5345.0,,,,,5.1,407.7,21-NOV-19,11-DEC-18,14269.52,Indraprastha Gas Limited,Listed,0,0,0,410.5,403.6,414545.0,30.16,12-SEP-19,5.0,2.0,438.7,,False,INE203G01027,407.6,241.0,N,,,405.0,1.27,402.5,No Band,366.95,448.45,ANNUAL GENERAL MEETING/DIVIDEND - RS 2.40 PER SHARE,1374285.0,,27-Nov-2019 00:00:00,6.55,,,,,,,,,,,EQ,,IGL,5345.0,,5602.96,1374285.0,7.5
,12.5,407.7,407.7,24-SEP-19,14-SEP-19,407.7,,,,,5345.0,,,,,-0.10,407.7,21-NOV-19,11-DEC-18,14269.52,Indraprastha Gas Limited,Listed,0,0,0,410.5,403.6,414545.0,30.16,12-SEP-19,5.0,2.0,438.7,,False,INE203G01027,407.6,241.0,N,,,405.0,-0.02,402.5,No Band,366.95,448.45,ANNUAL GENERAL MEETING/DIVIDEND - RS 2.40 PER SHARE,1374285.0,,27-Nov-2019 00:00:00,6.55,,,,,,,,,,,EQ,,IGL,5345.0,,5602.96,1374285.0,7.5
,12.5,409.24,407.7,24-SEP-19,14-SEP-19,408.5,408.3,408.25,408.2,408.1,50.0,25.0,401.0,50.0,123.0,0.7,0.0,21-NOV-19,11-DEC-18,14269.52,Indraprastha Gas Limited,Listed,0,0,0,410.0,408.0,414545.0,30.16,12-SEP-19,5.0,2.0,438.7,,False,INE203G01027,408.4,241.0,N,,,408.0,0.17,407.7,No Band,366.95,448.45,ANNUAL GENERAL MEETING/DIVIDEND - RS 2.40 PER SHARE,1374285.0,,27-Nov-2019 00:00:00,6.55,408.6,408.65,408.7,408.75,408.85,201.0,73.0,4.0,2.0,2886.0,EQ,,IGL,189628.0,192846.0,147.34,36003.0,7.5
,12.5,409.11,407.7,24-SEP-19,14-SEP-19,408.5,408.45,408.4,408.35,408.3,26.0,258.0,56.0,642.0,1601.0,0.95,0.0,21-NOV-19,11-DEC-18,14269.52,Indraprastha Gas Limited,Listed,0,0,0,410.0,408.0,414545.0,30.16,12-SEP-19,5.0,2.0,438.7,,False,INE203G01027,408.65,241.0,N,,,408.0,0.23,407.7,No Band,366.95,448.45,ANNUAL GENERAL MEETING/DIVIDEND - RS 2.40 PER SHARE,1374285.0,,27-Nov-2019 00:00:00,6.55,408.6,408.75,408.8,408.9,408.95,101.0,350.0,255.0,73.0,255.0,EQ,,IGL,209314.0,197225.0,222.66,54425.0,7.5
,12.5,409.11,407.7,24-SEP-19,14-SEP-19,408.5,408.45,408.4,408.35,408.3,26.0,258.0,56.0,642.0,1601.0,0.95,0.0,21-NOV-19,11-DEC-18,14269.52,Indraprastha Gas Limited,Listed,0,0,0,410.0,408.0,414545.0,30.16,12-SEP-19,5.0,2.0,438.7,,False,INE203G01027,408.65,241.0,N,,,408.0,0.23,407.7,No Band,366.95,448.45,ANNUAL GENERAL MEETING/DIVIDEND - RS 2.40 PER SHARE,1374285.0,,27-Nov-2019 00:00:00,6.55,408.6,408.75,408.8,408.9,408.95,101.0,350.0,255.0,73.0,255.0,EQ,,IGL,209314.0,197225.0,222.66,54425.0,7.5
,12.5,409.03,407.7,24-SEP-19,14-SEP-19,408.35,408.3,408.25,408.2,408.15,69.0,44.0,303.0,1087.0,644.0,0.65,0.0,21-NOV-19,11-DEC-18,14269.52,Indraprastha Gas Limited,Listed,0,0,0,410.0,408.0,414545.0,30.16,12-SEP-19,5.0,2.0,438.7,,False,INE203G01027,408.35,241.0,N,,,408.0,0.16,407.7,No Band,366.95,448.45,ANNUAL GENERAL MEETING/DIVIDEND - RS 2.40 PER SHARE,1374285.0,,27-Nov-2019 00:00:00,6.55,408.45,408.55,408.6,408.7,408.75,1020.0,73.0,478.0,1046.0,3615.0,EQ,,IGL,214641.0,209789.0,257.79,63024.0,7.5
,12.5,409.18,407.7,24-SEP-19,14-SEP-19,410.2,410.15,410.05,410.0,409.95,52.0,331.0,206.0,578.0,100.0,2.65,0.0,21-NOV-19,11-DEC-18,14269.52,Indraprastha Gas Limited,Listed,0,0,0,410.5,408.0,414545.0,30.16,12-SEP-19,5.0,2.0,438.7,,False,INE203G01027,410.35,241.0,N,,,408.0,0.65,407.7,No Band,366.95,448.45,ANNUAL GENERAL MEETING/DIVIDEND - RS 2.40 PER SHARE,1374285.0,,27-Nov-2019 00:00:00,6.55,410.35,410.4,410.45,410.5,410.55,24.0,3341.0,662.0,3502.0,977.0,EQ,,IGL,542775.0,235586.0,364.66,89119.0,7.5
,12.5,409.34,407.7,24-SEP-19,14-SEP-19,410.35,410.3,410.25,410.2,410.15,559.0,24.0,407.0,42.0,208.0,2.75,0.0,21-NOV-19,11-DEC-18,14269.52,Indraprastha Gas Limited,Listed,0,0,0,410.5,408.0,414545.0,30.16,12-SEP-19,5.0,2.0,438.7,,False,INE203G01027,410.45,241.0,N,,,408.0,0.67,407.7,No Band,366.95,448.45,ANNUAL GENERAL MEETING/DIVIDEND - RS 2.40 PER SHARE,1374285.0,,27-Nov-2019 00:00:00,6.55,410.5,410.55,410.6,410.65,410.7,665.0,125.0,310.0,100.0,415.0,EQ,,IGL,553086.0,267273.0,426.14,104104.0,7.5
,12.5,409.43,407.7,24-SEP-19,14-SEP-19,410.65,410.6,410.55,410.5,410.45,70.0,561.0,28.0,1662.0,107.0,2.95,0.0,21-NOV-19,11-DEC-18,14269.52,Indraprastha Gas Limited,Listed,0,0,0,410.8,408.0,414545.0,30.16,12-SEP-19,5.0,2.0,438.7,,False,INE203G01027,410.65,241.0,N,,,408.0,0.72,407.7,No Band,366.95,448.45,ANNUAL GENERAL MEETING/DIVIDEND - RS 2.40 PER SHARE,1374285.0,,27-Nov-2019 00:00:00,6.55,410.8,410.85,410.9,410.95,411.0,166.0,242.0,436.0,1212.0,4614.0,EQ,,IGL,556769.0,272264.0,459.25,112167.0,7.5
,12.5,410.28,407.7,24-SEP-19,14-SEP-19,411.6,411.55,411.5,411.45,411.4,1.0,306.0,64.0,12.0,435.0,3.8,0.0,21-NOV-19,11-DEC-18,14269.52,Indraprastha Gas Limited,Listed,0,0,0,412.5,408.0,414545.0,30.16,12-SEP-19,5.0,2.0,438.7,,False,INE203G01027,411.5,241.0,N,,,408.0,0.93,407.7,No Band,366.95,448.45,ANNUAL GENERAL MEETING/DIVIDEND - RS 2.40 PER SHARE,1374285.0,,27-Nov-2019 00:00:00,6.55,411.75,411.8,411.85,411.9,411.95,2700.0,24.0,131.0,3405.0,277.0,EQ,,IGL,776830.0,297886.0,725.28,176778.0,7.5
,12.5,410.41,407.7,24-SEP-19,14-SEP-19,410.55,410.5,410.45,410.4,410.35,302.0,524.0,259.0,478.0,1233.0,3.05,0.0,21-NOV-19,11-DEC-18,14269.52,Indraprastha Gas Limited,Listed,0,0,0,412.5,408.0,414545.0,30.16,12-SEP-19,5.0,2.0,438.7,,False,INE203G01027,410.75,241.0,N,,,408.0,0.75,407.7,No Band,366.95,448.45,ANNUAL GENERAL MEETING/DIVIDEND - RS 2.40 PER SHARE,1374285.0,,27-Nov-2019 00:00:00,6.55,410.75,410.8,410.85,410.9,410.95,9.0,11.0,3868.0,255.0,1412.0,EQ,,IGL,934586.0,336701.0,847.55,206512.0,7.5
,12.5,410.38,407.7,24-SEP-19,14-SEP-19,410.05,410.0,409.95,409.9,409.85,15.0,274.0,25.0,281.0,2274.0,2.4,0.0,21-NOV-19,11-DEC-18,14269.52,Indraprastha Gas Limited,Listed,0,0,0,412.5,408.0,414545.0,30.16,12-SEP-19,5.0,2.0,438.7,,False,INE203G01027,410.1,241.0,N,,,408.0,0.59,407.7,No Band,366.95,448.45,ANNUAL GENERAL MEETING/DIVIDEND - RS 2.40 PER SHARE,1374285.0,,27-Nov-2019 00:00:00,6.55,410.1,410.15,410.2,410.25,410.3,170.0,3028.0,369.0,493.0,6598.0,EQ,,IGL,941166.0,351119.0,977.66,238232.0,7.5
,12.5,410.37,407.7,24-SEP-19,14-SEP-19,410.65,410.6,410.55,410.5,410.45,290.0,586.0,1532.0,2946.0,879.0,2.95,0.0,21-NOV-19,11-DEC-18,14269.52,Indraprastha Gas Limited,Listed,0,0,0,412.5,408.0,414545.0,30.16,12-SEP-19,5.0,2.0,438.7,,False,INE203G01027,410.65,241.0,N,,,408.0,0.72,407.7,No Band,366.95,448.45,ANNUAL GENERAL MEETING/DIVIDEND - RS 2.40 PER SHARE,1374285.0,,27-Nov-2019 00:00:00,6.55,410.75,410.9,410.95,411.0,411.05,499.0,273.0,2802.0,1381.0,2920.0,EQ,,IGL,954728.0,340825.0,1005.41,245001.0,7.5
,12.5,410.38,407.7,24-SEP-19,14-SEP-19,410.5,410.4,410.35,410.3,410.25,351.0,534.0,156.0,531.0,1102.0,2.9,0.0,21-NOV-19,11-DEC-18,14269.52,Indraprastha Gas Limited,Listed,0,0,0,412.5,408.0,414545.0,30.16,12-SEP-19,5.0,2.0,438.7,,False,INE203G01027,410.6,241.0,N,,,408.0,0.71,407.7,No Band,366.95,448.45,ANNUAL GENERAL MEETING/DIVIDEND - RS 2.40 PER SHARE,1374285.0,,27-Nov-2019 00:00:00,6.55,410.65,410.7,410.75,410.8,410.85,70.0,1092.0,245.0,227.0,235.0,EQ,,IGL,942967.0,340681.0,1036.34,252533.0,7.5
,12.5,410.44,407.7,24-SEP-19,14-SEP-19,411.35,411.3,411.25,411.2,411.15,298.0,822.0,854.0,709.0,233.0,3.7,0.0,21-NOV-19,11-DEC-18,14269.52,Indraprastha Gas Limited,Listed,0,0,0,412.5,408.0,414545.0,30.16,12-SEP-19,5.0,2.0,438.7,,False,INE203G01027,411.4,241.0,N,,,408.0,0.91,407.7,No Band,366.95,448.45,ANNUAL GENERAL MEETING/DIVIDEND - RS 2.40 PER SHARE,1374285.0,,27-Nov-2019 00:00:00,6.55,411.45,411.5,411.55,411.6,411.65,1369.0,571.0,7.0,200.0,425.0,EQ,,IGL,967745.0,326524.0,1181.56,287876.0,7.5
,12.5,410.44,407.7,24-SEP-19,14-SEP-19,411.35,411.3,411.25,411.2,411.15,10.0,817.0,717.0,568.0,517.0,3.7,0.0,21-NOV-19,11-DEC-18,14269.52,Indraprastha Gas Limited,Listed,0,0,0,412.5,408.0,414545.0,30.16,12-SEP-19,5.0,2.0,438.7,,False,INE203G01027,411.4,241.0,N,,,408.0,0.91,407.7,No Band,366.95,448.45,ANNUAL GENERAL MEETING/DIVIDEND - RS 2.40 PER SHARE,1374285.0,,27-Nov-2019 00:00:00,6.55,411.4,411.45,411.5,411.55,411.6,476.0,1241.0,571.0,7.0,352.0,EQ,,IGL,967357.0,327007.0,1186.44,289066.0,7.5
,12.5,410.47,407.7,24-SEP-19,14-SEP-19,411.5,411.4,411.35,411.3,411.25,220.0,522.0,160.0,420.0,17.0,3.8,0.0,21-NOV-19,11-DEC-18,14269.52,Indraprastha Gas Limited,Listed,0,0,0,412.5,408.0,414545.0,30.16,12-SEP-19,5.0,2.0,438.7,,False,INE203G01027,411.5,241.0,N,,,408.0,0.93,407.7,No Band,366.95,448.45,ANNUAL GENERAL MEETING/DIVIDEND - RS 2.40 PER SHARE,1374285.0,,27-Nov-2019 00:00:00,6.55,411.7,411.75,411.8,411.85,411.9,521.0,1262.0,448.0,2843.0,1541.0,EQ,,IGL,963679.0,334012.0,1222.7,297878.0,7.5
,12.5,410.54,407.7,24-SEP-19,14-SEP-19,411.6,411.55,411.5,411.45,411.4,189.0,539.0,1842.0,1521.0,927.0,3.9,0.0,21-NOV-19,11-DEC-18,14269.52,Indraprastha Gas Limited,Listed,0,0,0,412.5,408.0,414545.0,30.16,12-SEP-19,5.0,2.0,438.7,,False,INE203G01027,411.6,241.0,N,,,408.0,0.96,407.7,No Band,366.95,448.45,ANNUAL GENERAL MEETING/DIVIDEND - RS 2.40 PER SHARE,1374285.0,,27-Nov-2019 00:00:00,6.55,411.7,411.75,411.8,411.85,411.9,153.0,24.0,241.0,58.0,773.0,EQ,,IGL,1334933.0,334092.0,1289.36,314065.0,7.5
,12.5,410.58,407.7,24-SEP-19,14-SEP-19,410.8,410.75,410.7,410.65,410.6,48.0,637.0,50.0,123.0,805.0,3.3,0.0,21-NOV-19,11-DEC-18,14269.52,Indraprastha Gas Limited,Listed,0,0,0,412.5,408.0,414545.0,30.16,12-SEP-19,5.0,2.0,438.7,,False,INE203G01027,411.0,241.0,N,,,408.0,0.81,407.7,No Band,366.95,448.45,ANNUAL GENERAL MEETING/DIVIDEND - RS 2.40 PER SHARE,1374285.0,,27-Nov-2019 00:00:00,6.55,411.05,411.1,411.15,411.2,411.25,292.0,559.0,477.0,1260.0,860.0,EQ,,IGL,1312685.0,349486.0,1347.75,328256.0,7.5
,12.5,410.58,407.7,24-SEP-19,14-SEP-19,410.6,410.55,410.5,410.45,410.35,84.0,506.0,751.0,123.0,148.0,2.9,0.0,21-NOV-19,11-DEC-18,14269.52,Indraprastha Gas Limited,Listed,0,0,0,412.5,408.0,169726.0,56.8,12-SEP-19,5.0,2.0,438.7,,False,INE203G01027,410.6,241.0,N,,,408.0,0.71,407.7,No Band,366.95,448.45,ANNUAL GENERAL MEETING/DIVIDEND - RS 2.40 PER SHARE,298837.0,,28-Nov-2019 10:00:00,6.55,410.8,410.85,410.9,410.95,411.0,222.0,488.0,1042.0,635.0,1858.0,EQ,,IGL,1313446.0,353697.0,1370.04,333684.0,7.5
,12.5,410.59,407.7,24-SEP-19,14-SEP-19,411.2,411.1,411.05,411.0,410.95,1608.0,165.0,181.0,355.0,2781.0,3.55,0.0,21-NOV-19,11-DEC-18,14269.52,Indraprastha Gas Limited,Listed,0,0,0,412.5,408.0,169726.0,56.8,12-SEP-19,5.0,2.0,438.7,,False,INE203G01027,411.25,241.0,N,,,408.0,0.87,407.7,No Band,366.95,448.45,ANNUAL GENERAL MEETING/DIVIDEND - RS 2.40 PER SHARE,298837.0,,28-Nov-2019 10:00:00,6.55,411.3,411.4,411.45,411.5,411.55,243.0,107.0,355.0,6533.0,3352.0,EQ,,IGL,1321828.0,355637.0,1408.93,343148.0,7.5
,12.5,410.61,407.7,24-SEP-19,14-SEP-19,411.35,411.3,411.25,411.2,411.15,11.0,36.0,25.0,105.0,437.0,3.75,0.0,21-NOV-19,11-DEC-18,14269.52,Indraprastha Gas Limited,Listed,0,0,0,412.5,408.0,169726.0,56.8,12-SEP-19,5.0,2.0,438.7,,False,INE203G01027,411.45,241.0,N,,,408.0,0.92,407.7,No Band,366.95,448.45,ANNUAL GENERAL MEETING/DIVIDEND - RS 2.40 PER SHARE,298837.0,,28-Nov-2019 10:00:00,6.55,411.45,411.5,411.55,411.6,411.65,2689.0,606.0,2906.0,741.0,220.0,EQ,,IGL,1329843.0,358395.0,1445.84,352120.0,7.5
,12.5,410.61,407.7,24-SEP-19,14-SEP-19,411.2,411.15,411.1,411.05,411.0,103.0,41.0,10.0,403.0,1415.0,3.55,0.0,21-NOV-19,11-DEC-18,14269.52,Indraprastha Gas Limited,Listed,0,0,0,412.5,408.0,169726.0,56.8,12-SEP-19,5.0,2.0,438.7,,False,INE203G01027,411.25,241.0,N,,,408.0,0.87,407.7,No Band,366.95,448.45,ANNUAL GENERAL MEETING/DIVIDEND - RS 2.40 PER SHARE,298837.0,,28-Nov-2019 10:00:00,6.55,411.25,411.35,411.4,411.45,411.5,18.0,297.0,24.0,2158.0,602.0,EQ,,IGL,1329586.0,354643.0,1450.05,353145.0,7.5
,12.5,410.62,407.7,24-SEP-19,14-SEP-19,410.85,410.8,410.75,410.7,410.65,372.0,195.0,214.0,193.0,130.0,3.15,0.0,21-NOV-19,11-DEC-18,14269.52,Indraprastha Gas Limited,Listed,0,0,0,412.5,408.0,169726.0,56.8,12-SEP-19,5.0,2.0,438.7,,False,INE203G01027,410.85,241.0,N,,,408.0,0.77,407.7,No Band,366.95,448.45,ANNUAL GENERAL MEETING/DIVIDEND - RS 2.40 PER SHARE,298837.0,,28-Nov-2019 10:00:00,6.55,411.1,411.15,411.2,411.25,411.3,118.0,283.0,334.0,808.0,944.0,EQ,,IGL,1323113.0,360223.0,1475.54,359345.0,7.5
,12.5,410.62,407.7,24-SEP-19,14-SEP-19,410.05,410.0,409.95,409.9,409.85,504.0,2941.0,1563.0,820.0,905.0,2.35,0.0,21-NOV-19,11-DEC-18,14269.52,Indraprastha Gas Limited,Listed,0,0,0,412.5,408.0,169726.0,56.8,12-SEP-19,5.0,2.0,438.7,,False,INE203G01027,410.05,241.0,N,,,408.0,0.58,407.7,No Band,366.95,448.45,ANNUAL GENERAL MEETING/DIVIDEND - RS 2.40 PER SHARE,298837.0,,28-Nov-2019 10:00:00,6.55,410.15,410.2,410.25,410.35,410.4,24.0,390.0,356.0,284.0,24.0,EQ,,IGL,1316448.0,365244.0,1528.52,372248.0,7.5
,12.5,410.6,407.7,24-SEP-19,14-SEP-19,410.1,410.05,410.0,409.95,409.9,2.0,1.0,128.0,845.0,1355.0,2.3,0.0,21-NOV-19,11-DEC-18,14269.52,Indraprastha Gas Limited,Listed,0,0,0,412.5,408.0,169726.0,56.8,12-SEP-19,5.0,2.0,438.7,,False,INE203G01027,410.0,241.0,N,,,408.0,0.56,407.7,No Band,366.95,448.45,ANNUAL GENERAL MEETING/DIVIDEND - RS 2.40 PER SHARE,298837.0,,28-Nov-2019 10:00:00,6.55,410.2,410.25,410.3,410.35,410.4,136.0,195.0,12.0,100.0,676.0,EQ,,IGL,1315778.0,377507.0,1573.14,383133.0,7.5
,12.5,410.6,407.7,24-SEP-19,14-SEP-19,409.95,409.9,409.85,409.8,409.75,119.0,797.0,1082.0,1720.0,1852.0,2.2,0.0,21-NOV-19,11-DEC-18,14269.52,Indraprastha Gas Limited,Listed,0,0,0,412.5,408.0,169726.0,56.8,12-SEP-19,5.0,2.0,438.7,,False,INE203G01027,409.9,241.0,N,,,408.0,0.54,407.7,No Band,366.95,448.45,ANNUAL GENERAL MEETING/DIVIDEND - RS 2.40 PER SHARE,298837.0,,28-Nov-2019 10:00:00,6.55,410.1,410.15,410.2,410.25,410.3,500.0,100.0,373.0,447.0,24.0,EQ,,IGL,1315788.0,377148.0,1582.35,385376.0,7.5
,12.5,410.59,407.7,24-SEP-19,14-SEP-19,410.2,410.15,410.1,410.05,410.0,300.0,129.0,417.0,971.0,843.0,2.7,0.0,21-NOV-19,11-DEC-18,14269.52,Indraprastha Gas Limited,Listed,0,0,0,412.5,408.0,169726.0,56.8,12-SEP-19,5.0,2.0,438.7,,False,INE203G01027,410.4,241.0,N,,,408.0,0.66,407.7,No Band,366.95,448.45,ANNUAL GENERAL MEETING/DIVIDEND - RS 2.40 PER SHARE,298837.0,,28-Nov-2019 10:00:00,6.55,410.35,410.4,410.45,410.5,410.55,100.0,217.0,804.0,249.0,1714.0,EQ,,IGL,1318788.0,375900.0,1602.94,390398.0,7.5
,12.5,410.59,407.7,24-SEP-19,14-SEP-19,410.55,410.5,410.45,410.4,410.35,374.0,452.0,96.0,1452.0,994.0,3.15,0.0,21-NOV-19,11-DEC-18,14269.52,Indraprastha Gas Limited,Listed,0,0,0,412.5,408.0,169726.0,56.8,12-SEP-19,5.0,2.0,438.7,,False,INE203G01027,410.85,241.0,N,,,408.0,0.77,407.7,No Band,366.95,448.45,ANNUAL GENERAL MEETING/DIVIDEND - RS 2.40 PER SHARE,298837.0,,28-Nov-2019 10:00:00,6.55,410.8,410.85,410.9,410.95,411.0,791.0,1047.0,24.0,545.0,1297.0,EQ,,IGL,1331500.0,370017.0,1627.79,396452.0,7.5
,12.5,410.59,407.7,24-SEP-19,14-SEP-19,410.55,410.5,410.45,410.4,410.35,374.0,452.0,96.0,1452.0,994.0,3.15,0.0,21-NOV-19,11-DEC-18,14269.52,Indraprastha Gas Limited,Listed,0,0,0,412.5,408.0,169726.0,56.8,12-SEP-19,5.0,2.0,438.7,,False,INE203G01027,410.85,241.0,N,,,408.0,0.77,407.7,No Band,366.95,448.45,ANNUAL GENERAL MEETING/DIVIDEND - RS 2.40 PER SHARE,298837.0,,28-Nov-2019 10:00:00,6.55,410.8,410.85,410.9,410.95,411.0,791.0,1047.0,24.0,545.0,1297.0,EQ,,IGL,1331500.0,370017.0,1627.79,396452.0,7.5
,12.5,410.59,407.7,24-SEP-19,14-SEP-19,410.6,410.55,410.5,410.45,410.4,339.0,35.0,850.0,659.0,1044.0,2.95,0.0,21-NOV-19,11-DEC-18,14269.52,Indraprastha Gas Limited,Listed,0,0,0,412.5,408.0,169726.0,56.8,12-SEP-19,5.0,2.0,438.7,,False,INE203G01027,410.65,241.0,N,,,408.0,0.72,407.7,No Band,366.95,448.45,ANNUAL GENERAL MEETING/DIVIDEND - RS 2.40 PER SHARE,298837.0,,28-Nov-2019 10:00:00,6.55,410.65,410.7,410.75,410.8,410.85,25.0,161.0,240.0,24.0,668.0,EQ,,IGL,1330576.0,367917.0,1639.33,399262.0,7.5
,12.5,410.59,407.7,24-SEP-19,14-SEP-19,410.75,410.65,410.6,410.55,410.5,217.0,1.0,39.0,236.0,1072.0,3.15,0.0,21-NOV-19,11-DEC-18,14269.52,Indraprastha Gas Limited,Listed,0,0,0,412.5,408.0,169726.0,56.8,12-SEP-19,5.0,2.0,438.7,,False,INE203G01027,410.85,241.0,N,,,408.0,0.77,407.7,No Band,366.95,448.45,ANNUAL GENERAL MEETING/DIVIDEND - RS 2.40 PER SHARE,298837.0,,28-Nov-2019 10:00:00,6.55,410.85,410.9,410.95,411.0,411.05,337.0,1.0,768.0,1530.0,479.0,EQ,,IGL,1330602.0,368117.0,1645.64,400799.0,7.5
,12.5,410.59,407.7,24-SEP-19,14-SEP-19,410.3,410.25,410.2,410.15,410.1,18.0,130.0,1453.0,521.0,282.0,2.6,0.0,21-NOV-19,11-DEC-18,14269.52,Indraprastha Gas Limited,Listed,0,0,0,412.5,408.0,169726.0,56.8,12-SEP-19,5.0,2.0,438.7,,False,INE203G01027,410.3,241.0,N,,,408.0,0.64,407.7,No Band,366.95,448.45,ANNUAL GENERAL MEETING/DIVIDEND - RS 2.40 PER SHARE,298837.0,,28-Nov-2019 10:00:00,6.55,410.5,410.55,410.6,410.65,410.7,1095.0,36.0,2.0,123.0,318.0,EQ,,IGL,1316408.0,375558.0,1690.87,411815.0,7.5
,12.5,410.59,407.7,24-SEP-19,14-SEP-19,410.05,410.0,409.95,409.9,409.85,189.0,192.0,455.0,893.0,2010.0,2.35,0.0,21-NOV-19,11-DEC-18,14269.52,Indraprastha Gas Limited,Listed,0,0,0,412.5,408.0,169726.0,56.8,12-SEP-19,5.0,2.0,438.7,,False,INE203G01027,410.05,241.0,N,,,408.0,0.58,407.7,No Band,366.95,448.45,ANNUAL GENERAL MEETING/DIVIDEND - RS 2.40 PER SHARE,298837.0,,28-Nov-2019 10:00:00,6.55,410.25,410.35,410.4,410.45,410.5,98.0,14.0,385.0,515.0,1889.0,EQ,,IGL,1318831.0,380479.0,1715.33,417773.0,7.5
,12.5,410.59,407.7,24-SEP-19,14-SEP-19,410.35,410.2,410.15,410.1,410.05,26.0,213.0,119.0,666.0,971.0,2.7,0.0,21-NOV-19,11-DEC-18,14269.52,Indraprastha Gas Limited,Listed,0,0,0,412.5,408.0,169726.0,56.8,12-SEP-19,5.0,2.0,438.7,,False,INE203G01027,410.4,241.0,N,,,408.0,0.66,407.7,No Band,366.95,448.45,ANNUAL GENERAL MEETING/DIVIDEND - RS 2.40 PER SHARE,298837.0,,28-Nov-2019 10:00:00,6.55,410.4,410.45,410.5,410.55,410.6,446.0,103.0,1148.0,662.0,793.0,EQ,,IGL,1311916.0,381282.0,1723.48,419758.0,7.5
,12.5,410.59,407.7,24-SEP-19,14-SEP-19,410.35,410.2,410.15,410.1,410.05,26.0,213.0,119.0,666.0,971.0,2.7,0.0,21-NOV-19,11-DEC-18,14269.52,Indraprastha Gas Limited,Listed,0,0,0,412.5,408.0,169726.0,56.8,12-SEP-19,5.0,2.0,438.7,,False,INE203G01027,410.4,241.0,N,,,408.0,0.66,407.7,No Band,366.95,448.45,ANNUAL GENERAL MEETING/DIVIDEND - RS 2.40 PER SHARE,298837.0,,28-Nov-2019 10:00:00,6.55,410.4,410.45,410.5,410.55,410.6,446.0,103.0,1148.0,662.0,793.0,EQ,,IGL,1311916.0,381282.0,1723.48,419758.0,7.5
,12.5,410.58,407.7,24-SEP-19,14-SEP-19,410.2,410.15,410.1,410.05,410.0,270.0,275.0,747.0,188.0,1843.0,2.7,0.0,21-NOV-19,11-DEC-18,14269.52,Indraprastha Gas Limited,Listed,0,0,0,412.5,408.0,169726.0,56.8,12-SEP-19,5.0,2.0,438.7,,False,INE203G01027,410.4,241.0,N,,,408.0,0.66,407.7,No Band,366.95,448.45,ANNUAL GENERAL MEETING/DIVIDEND - RS 2.40 PER SHARE,298837.0,,28-Nov-2019 10:00:00,6.55,410.4,410.45,410.5,410.55,410.6,1485.0,264.0,1107.0,633.0,899.0,EQ,,IGL,1312780.0,381171.0,1725.46,420250.0,7.5
,12.5,410.58,407.7,24-SEP-19,14-SEP-19,410.25,410.2,410.15,410.1,410.05,8.0,9.0,133.0,616.0,1059.0,2.7,0.0,21-NOV-19,11-DEC-18,14269.52,Indraprastha Gas Limited,Listed,0,0,0,412.5,408.0,169726.0,56.8,12-SEP-19,5.0,2.0,438.7,,False,INE203G01027,410.4,241.0,N,,,408.0,0.66,407.7,No Band,366.95,448.45,ANNUAL GENERAL MEETING/DIVIDEND - RS 2.40 PER SHARE,298837.0,,28-Nov-2019 10:00:00,6.55,410.4,410.45,410.5,410.55,410.6,24.0,674.0,1327.0,224.0,624.0,EQ,,IGL,1316321.0,377840.0,1751.94,426698.0,7.5
,12.5,410.58,407.7,24-SEP-19,14-SEP-19,410.05,410.0,409.95,409.9,409.85,47.0,1215.0,238.0,548.0,1002.0,2.45,0.0,21-NOV-19,11-DEC-18,14269.52,Indraprastha Gas Limited,Listed,0,0,0,412.5,408.0,169726.0,56.8,12-SEP-19,5.0,2.0,438.7,,False,INE203G01027,410.15,241.0,N,,,408.0,0.6,407.7,No Band,366.95,448.45,ANNUAL GENERAL MEETING/DIVIDEND - RS 2.40 PER SHARE,298837.0,,28-Nov-2019 10:00:00,6.55,410.15,410.2,410.25,410.3,410.35,50.0,475.0,184.0,10.0,95.0,EQ,,IGL,1314291.0,382407.0,1759.22,428471.0,7.5
,12.5,410.57,407.7,24-SEP-19,14-SEP-19,409.75,409.7,409.65,409.6,409.5,163.0,1516.0,481.0,942.0,2756.0,2.05,0.0,21-NOV-19,11-DEC-18,14269.52,Indraprastha Gas Limited,Listed,0,0,0,412.5,408.0,218309.0,51.86,12-SEP-19,5.0,2.0,438.7,,False,INE203G01027,409.75,241.0,N,,,408.0,0.5,407.7,No Band,366.95,448.45,ANNUAL GENERAL MEETING/DIVIDEND - RS 2.40 PER SHARE,420924.0,,28-Nov-2019 11:00:00,6.55,409.8,409.85,409.9,409.95,410.0,129.0,200.0,25.0,12.0,1655.0,EQ,,IGL,1308614.0,384913.0,1780.32,433621.0,7.5
,12.5,410.55,407.7,24-SEP-19,14-SEP-19,410.0,409.9,409.8,409.75,409.7,137.0,1.0,486.0,990.0,1048.0,2.45,0.0,21-NOV-19,11-DEC-18,14269.52,Indraprastha Gas Limited,Listed,0,0,0,412.5,408.0,218309.0,51.86,12-SEP-19,5.0,2.0,438.7,,False,INE203G01027,410.15,241.0,N,,,408.0,0.6,407.7,No Band,366.95,448.45,ANNUAL GENERAL MEETING/DIVIDEND - RS 2.40 PER SHARE,420924.0,,28-Nov-2019 11:00:00,6.55,410.15,410.2,410.25,410.3,410.35,552.0,787.0,605.0,954.0,427.0,EQ,,IGL,1316182.0,381501.0,1832.17,446271.0,7.5
,12.5,410.54,407.7,24-SEP-19,14-SEP-19,409.85,409.8,409.75,409.7,409.65,171.0,594.0,739.0,1224.0,3670.0,2.15,0.0,21-NOV-19,11-DEC-18,14269.52,Indraprastha Gas Limited,Listed,0,0,0,412.5,408.0,218309.0,51.86,12-SEP-19,5.0,2.0,438.7,,False,INE203G01027,409.85,241.0,N,,,408.0,0.53,407.7,No Band,366.95,448.45,ANNUAL GENERAL MEETING/DIVIDEND - RS 2.40 PER SHARE,420924.0,,28-Nov-2019 11:00:00,6.55,410.0,410.05,410.15,410.2,410.25,445.0,24.0,408.0,1720.0,1086.0,EQ,,IGL,1315966.0,381035.0,1846.37,449741.0,7.5
,12.5,410.54,407.7,24-SEP-19,14-SEP-19,409.95,409.9,409.85,409.8,409.75,106.0,25.0,3089.0,2055.0,407.0,2.25,0.0,21-NOV-19,11-DEC-18,14269.52,Indraprastha Gas Limited,Listed,0,0,0,412.5,408.0,218309.0,51.86,12-SEP-19,5.0,2.0,438.7,,False,INE203G01027,409.95,241.0,N,,,408.0,0.55,407.7,No Band,366.95,448.45,ANNUAL GENERAL MEETING/DIVIDEND - RS 2.40 PER SHARE,420924.0,,28-Nov-2019 11:00:00,6.55,410.0,410.1,410.15,410.2,410.25,35.0,106.0,1089.0,1283.0,474.0,EQ,,IGL,1321076.0,383158.0,1856.47,452203.0,7.5
,12.5,410.54,407.7,24-SEP-19,14-SEP-19,410.1,410.05,410.0,409.95,409.9,2.0,15.0,407.0,19.0,309.0,2.4,0.0,21-NOV-19,11-DEC-18,14269.52,Indraprastha Gas Limited,Listed,0,0,0,412.5,408.0,218309.0,51.86,12-SEP-19,5.0,2.0,438.7,,False,INE203G01027,410.1,241.0,N,,,408.0,0.59,407.7,No Band,366.95,448.45,ANNUAL GENERAL MEETING/DIVIDEND - RS 2.40 PER SHARE,420924.0,,28-Nov-2019 11:00:00,6.55,410.15,410.2,410.25,410.35,410.4,249.0,496.0,407.0,123.0,391.0,EQ,,IGL,1320436.0,381970.0,1878.66,457608.0,7.5
,12.5,410.54,407.7,24-SEP-19,14-SEP-19,410.1,410.05,410.0,409.95,409.9,2.0,15.0,407.0,19.0,309.0,2.4,0.0,21-NOV-19,11-DEC-18,14269.52,Indraprastha Gas Limited,Listed,0,0,0,412.5,408.0,218309.0,51.86,12-SEP-19,5.0,2.0,438.7,,False,INE203G01027,410.1,241.0,N,,,408.0,0.59,407.7,No Band,366.95,448.45,ANNUAL GENERAL MEETING/DIVIDEND - RS 2.40 PER SHARE,420924.0,,28-Nov-2019 11:00:00,6.55,410.15,410.2,410.25,410.35,410.4,249.0,496.0,407.0,123.0,391.0,EQ,,IGL,1320436.0,381970.0,1878.66,457608.0,7.5
,12.5,410.53,407.7,24-SEP-19,14-SEP-19,410.0,409.9,409.85,409.8,409.75,337.0,529.0,715.0,2095.0,919.0,2.3,0.0,21-NOV-19,11-DEC-18,14269.52,Indraprastha Gas Limited,Listed,0,0,0,412.5,408.0,218309.0,51.86,12-SEP-19,5.0,2.0,438.7,,False,INE203G01027,410.0,241.0,N,,,408.0,0.56,407.7,No Band,366.95,448.45,ANNUAL GENERAL MEETING/DIVIDEND - RS 2.40 PER SHARE,420924.0,,28-Nov-2019 11:00:00,6.55,410.15,410.2,410.25,410.3,410.35,200.0,683.0,392.0,123.0,123.0,EQ,,IGL,1319852.0,382157.0,1881.11,458214.0,7.5
,12.5,410.49,407.7,24-SEP-19,14-SEP-19,409.75,409.7,409.65,409.6,409.55,9.0,251.0,1.0,12.0,1356.0,2.15,0.0,21-NOV-19,11-DEC-18,14269.52,Indraprastha Gas Limited,Listed,0,0,0,412.5,408.0,218309.0,51.86,12-SEP-19,5.0,2.0,438.7,,False,INE203G01027,409.85,241.0,N,,,408.0,0.53,407.7,No Band,366.95,448.45,ANNUAL GENERAL MEETING/DIVIDEND - RS 2.40 PER SHARE,420924.0,,28-Nov-2019 11:00:00,6.55,409.85,409.9,409.95,410.0,410.05,153.0,552.0,464.0,1096.0,607.0,EQ,,IGL,1339500.0,389704.0,2002.33,487791.0,7.5
,12.5,410.48,407.7,24-SEP-19,14-SEP-19,410.0,409.95,409.9,409.85,409.8,415.0,658.0,469.0,178.0,529.0,2.3,0.0,21-NOV-19,11-DEC-18,14269.52,Indraprastha Gas Limited,Listed,0,0,0,412.5,408.0,218309.0,51.86,12-SEP-19,5.0,2.0,438.7,,False,INE203G01027,410.0,241.0,N,,,408.0,0.56,407.7,No Band,366.95,448.45,ANNUAL GENERAL MEETING/DIVIDEND - RS 2.40 PER SHARE,420924.0,,28-Nov-2019 11:00:00,6.55,410.2,410.25,410.3,410.35,410.4,383.0,37.0,140.0,397.0,1131.0,EQ,,IGL,1341716.0,384095.0,2011.17,489955.0,7.5
,12.5,410.48,407.7,24-SEP-19,14-SEP-19,410.0,409.95,409.9,409.85,409.8,415.0,658.0,469.0,178.0,529.0,2.3,0.0,21-NOV-19,11-DEC-18,14269.52,Indraprastha Gas Limited,Listed,0,0,0,412.5,408.0,218309.0,51.86,12-SEP-19,5.0,2.0,438.7,,False,INE203G01027,410.0,241.0,N,,,408.0,0.56,407.7,No Band,366.95,448.45,ANNUAL GENERAL MEETING/DIVIDEND - RS 2.40 PER SHARE,420924.0,,28-Nov-2019 11:00:00,6.55,410.2,410.25,410.3,410.35,410.4,383.0,37.0,140.0,397.0,1131.0,EQ,,IGL,1341716.0,384095.0,2011.17,489955.0,7.5
,12.5,410.48,407.7,24-SEP-19,14-SEP-19,410.1,410.05,410.0,409.95,409.9,42.0,275.0,1171.0,649.0,735.0,2.45,0.0,21-NOV-19,11-DEC-18,14269.52,Indraprastha Gas Limited,Listed,0,0,0,412.5,408.0,218309.0,51.86,12-SEP-19,5.0,2.0,438.7,,False,INE203G01027,410.15,241.0,N,,,408.0,0.6,407.7,No Band,366.95,448.45,ANNUAL GENERAL MEETING/DIVIDEND - RS 2.40 PER SHARE,420924.0,,28-Nov-2019 11:00:00,6.55,410.15,410.3,410.35,410.4,410.45,407.0,123.0,135.0,422.0,677.0,EQ,,IGL,1342571.0,381805.0,2042.95,497698.0,7.5
,12.5,410.48,407.7,24-SEP-19,14-SEP-19,411.0,410.9,410.85,410.8,410.75,126.0,523.0,847.0,928.0,281.0,3.4,0.0,21-NOV-19,11-DEC-18,14269.52,Indraprastha Gas Limited,Listed,0,0,0,412.5,408.0,218309.0,51.86,12-SEP-19,5.0,2.0,438.7,,False,INE203G01027,411.1,241.0,N,,,408.0,0.83,407.7,No Band,366.95,448.45,ANNUAL GENERAL MEETING/DIVIDEND - RS 2.40 PER SHARE,420924.0,,28-Nov-2019 11:00:00,6.55,411.1,411.2,411.25,411.3,411.35,11.0,1185.0,205.0,1104.0,123.0,EQ,,IGL,1345056.0,359636.0,2070.42,504390.0,7.5
,12.5,410.48,407.7,24-SEP-19,14-SEP-19,410.85,410.8,410.75,410.7,410.65,55.0,159.0,25.0,856.0,691.0,3.2,0.0,21-NOV-19,11-DEC-18,14269.52,Indraprastha Gas Limited,Listed,0,0,0,412.5,408.0,218309.0,51.86,12-SEP-19,5.0,2.0,438.7,,False,INE203G01027,410.9,241.0,N,,,408.0,0.78,407.7,No Band,366.95,448.45,ANNUAL GENERAL MEETING/DIVIDEND - RS 2.40 PER SHARE,420924.0,,28-Nov-2019 11:00:00,6.55,410.9,410.95,411.0,411.05,411.1,16.0,104.0,677.0,135.0,1167.0,EQ,,IGL,1341426.0,366421.0,2086.35,508270.0,7.5
,12.5,410.49,407.7,24-SEP-19,14-SEP-19,410.6,410.55,410.5,410.45,410.4,8.0,477.0,607.0,125.0,402.0,2.9,0.0,21-NOV-19,11-DEC-18,14269.52,Indraprastha Gas Limited,Listed,0,0,0,412.5,408.0,218309.0,51.86,12-SEP-19,5.0,2.0,438.7,,False,INE203G01027,410.6,241.0,N,,,408.0,0.71,407.7,No Band,366.95,448.45,ANNUAL GENERAL MEETING/DIVIDEND - RS 2.40 PER SHARE,420924.0,,28-Nov-2019 11:00:00,6.55,410.65,410.7,410.8,410.85,410.9,131.0,257.0,276.0,502.0,1263.0,EQ,,IGL,1342583.0,377959.0,2111.74,514443.0,7.5
,12.5,410.49,407.7,24-SEP-19,14-SEP-19,410.7,410.65,410.6,410.55,410.5,853.0,1.0,114.0,108.0,1003.0,3.0,0.0,21-NOV-19,11-DEC-18,14269.52,Indraprastha Gas Limited,Listed,0,0,0,412.5,408.0,218309.0,51.86,12-SEP-19,5.0,2.0,438.7,,False,INE203G01027,410.7,241.0,N,,,408.0,0.74,407.7,No Band,366.95,448.45,ANNUAL GENERAL MEETING/DIVIDEND - RS 2.40 PER SHARE,420924.0,,28-Nov-2019 11:00:00,6.55,410.75,410.8,410.85,410.9,410.95,64.0,68.0,135.0,1539.0,317.0,EQ,,IGL,1342193.0,377413.0,2115.78,515428.0,7.5
,12.5,410.52,407.7,24-SEP-19,14-SEP-19,411.3,411.25,411.2,411.15,411.1,191.0,651.0,733.0,1220.0,858.0,3.75,0.0,21-NOV-19,11-DEC-18,14269.52,Indraprastha Gas Limited,Listed,0,0,0,412.5,408.0,218309.0,51.86,12-SEP-19,5.0,2.0,438.7,,False,INE203G01027,411.45,241.0,N,,,408.0,0.92,407.7,No Band,366.95,448.45,ANNUAL GENERAL MEETING/DIVIDEND - RS 2.40 PER SHARE,420924.0,,28-Nov-2019 11:00:00,6.55,411.45,411.5,411.55,411.6,411.65,77.0,304.0,316.0,1376.0,828.0,EQ,,IGL,1349441.0,364113.0,2190.14,533503.0,7.5
,12.5,410.52,407.7,24-SEP-19,14-SEP-19,411.35,411.3,411.25,411.2,411.15,3.0,1080.0,809.0,720.0,557.0,3.75,0.0,21-NOV-19,11-DEC-18,14269.52,Indraprastha Gas Limited,Listed,0,0,0,412.5,408.0,218309.0,51.86,12-SEP-19,5.0,2.0,438.7,,False,INE203G01027,411.45,241.0,N,,,408.0,0.92,407.7,No Band,366.95,448.45,ANNUAL GENERAL MEETING/DIVIDEND - RS 2.40 PER SHARE,420924.0,,28-Nov-2019 11:00:00,6.55,411.45,411.5,411.55,411.6,411.65,2.0,423.0,103.0,1390.0,829.0,EQ,,IGL,1350175.0,367107.0,2194.18,534489.0,7.5
,12.5,410.53,407.7,24-SEP-19,14-SEP-19,411.45,411.4,411.35,411.25,411.2,18.0,76.0,42.0,413.0,845.0,3.8,0.0,21-NOV-19,11-DEC-18,14269.52,Indraprastha Gas Limited,Listed,0,0,0,412.5,408.0,230576.0,44.72,12-SEP-19,5.0,2.0,438.7,,False,INE203G01027,411.5,241.0,N,,,408.0,0.93,407.7,No Band,366.95,448.45,ANNUAL GENERAL MEETING/DIVIDEND - RS 2.40 PER SHARE,515568.0,,28-Nov-2019 12:00:00,6.55,411.5,411.55,411.6,411.65,411.7,551.0,332.0,450.0,293.0,756.0,EQ,,IGL,1350553.0,364166.0,2230.41,543301.0,7.5
,12.5,410.54,407.7,24-SEP-19,14-SEP-19,411.35,411.3,411.25,411.2,411.15,8.0,311.0,572.0,731.0,917.0,3.65,0.0,21-NOV-19,11-DEC-18,14269.52,Indraprastha Gas Limited,Listed,0,0,0,412.5,408.0,230576.0,44.72,12-SEP-19,5.0,2.0,438.7,,False,INE203G01027,411.35,241.0,N,,,408.0,0.9,407.7,No Band,366.95,448.45,ANNUAL GENERAL MEETING/DIVIDEND - RS 2.40 PER SHARE,515568.0,,28-Nov-2019 12:00:00,6.55,411.4,411.45,411.5,411.55,411.6,200.0,3.0,1410.0,593.0,251.0,EQ,,IGL,1353526.0,365607.0,2232.54,543805.0,7.5
,12.5,410.55,407.7,24-SEP-19,14-SEP-19,411.2,411.15,411.1,411.05,411.0,2.0,24.0,124.0,672.0,648.0,3.7,0.0,21-NOV-19,11-DEC-18,14269.52,Indraprastha Gas Limited,Listed,0,0,0,412.5,408.0,230576.0,44.72,12-SEP-19,5.0,2.0,438.7,,False,INE203G01027,411.4,241.0,N,,,408.0,0.91,407.7,No Band,366.95,448.45,ANNUAL GENERAL MEETING/DIVIDEND - RS 2.40 PER SHARE,515568.0,,28-Nov-2019 12:00:00,6.55,411.3,411.4,411.45,411.5,411.55,200.0,177.0,12.0,1053.0,1015.0,EQ,,IGL,1350912.0,372101.0,2265.23,551756.0,7.5
,12.5,410.55,407.7,24-SEP-19,14-SEP-19,411.4,411.35,411.3,411.25,411.2,1853.0,6.0,125.0,124.0,123.0,3.7,0.0,21-NOV-19,11-DEC-18,14269.52,Indraprastha Gas Limited,Listed,0,0,0,412.5,408.0,230576.0,44.72,12-SEP-19,5.0,2.0,438.7,,False,INE203G01027,411.4,241.0,N,,,408.0,0.91,407.7,No Band,366.95,448.45,ANNUAL GENERAL MEETING/DIVIDEND - RS 2.40 PER SHARE,515568.0,,28-Nov-2019 12:00:00,6.55,411.45,411.5,411.55,411.6,411.65,14.0,499.0,900.0,842.0,911.0,EQ,,IGL,1350282.0,371158.0,2273.5,553770.0,7.5
,12.5,410.55,407.7,24-SEP-19,14-SEP-19,410.35,410.3,410.25,410.2,410.15,140.0,102.0,861.0,969.0,218.0,2.85,0.0,21-NOV-19,11-DEC-18,14269.52,Indraprastha Gas Limited,Listed,0,0,0,412.5,408.0,230576.0,44.72,12-SEP-19,5.0,2.0,438.7,,False,INE203G01027,410.55,241.0,N,,,408.0,0.7,407.7,No Band,366.95,448.45,ANNUAL GENERAL MEETING/DIVIDEND - RS 2.40 PER SHARE,515568.0,,28-Nov-2019 12:00:00,6.55,410.55,410.6,410.65,410.7,410.75,399.0,809.0,450.0,454.0,650.0,EQ,,IGL,1339151.0,378427.0,2297.23,559550.0,7.5
,12.5,410.55,407.7,24-SEP-19,14-SEP-19,410.5,410.45,410.4,410.35,410.3,160.0,204.0,263.0,284.0,3805.0,3.0,0.0,21-NOV-19,11-DEC-18,14269.52,Indraprastha Gas Limited,Listed,0,0,0,412.5,408.0,230576.0,44.72,12-SEP-19,5.0,2.0,438.7,,False,INE203G01027,410.7,241.0,N,,,408.0,0.74,407.7,No Band,366.95,448.45,ANNUAL GENERAL MEETING/DIVIDEND - RS 2.40 PER SHARE,515568.0,,28-Nov-2019 12:00:00,6.55,410.7,410.75,410.8,410.85,410.9,253.0,151.0,266.0,452.0,513.0,EQ,,IGL,1322250.0,376290.0,2309.15,562452.0,7.5
,12.5,410.55,407.7,24-SEP-19,14-SEP-19,410.55,410.5,410.45,410.4,410.35,148.0,2640.0,159.0,875.0,2973.0,2.9,0.0,21-NOV-19,11-DEC-18,14269.52,Indraprastha Gas Limited,Listed,0,0,0,412.5,408.0,230576.0,44.72,12-SEP-19,5.0,2.0,438.7,,False,INE203G01027,410.6,241.0,N,,,408.0,0.71,407.7,No Band,366.95,448.45,ANNUAL GENERAL MEETING/DIVIDEND - RS 2.40 PER SHARE,515568.0,,28-Nov-2019 12:00:00,6.55,410.75,410.8,410.85,410.9,410.95,28.0,145.0,241.0,1260.0,645.0,EQ,,IGL,1343395.0,377402.0,2315.28,563947.0,7.5
,12.5,410.55,407.7,24-SEP-19,14-SEP-19,410.85,410.8,410.75,410.65,410.6,3.0,9.0,4.0,1.0,296.0,3.15,0.0,21-NOV-19,11-DEC-18,14269.52,Indraprastha Gas Limited,Listed,0,0,0,412.5,408.0,230576.0,44.72,12-SEP-19,5.0,2.0,438.7,,False,INE203G01027,410.85,241.0,N,,,408.0,0.77,407.7,No Band,366.95,448.45,ANNUAL GENERAL MEETING/DIVIDEND - RS 2.40 PER SHARE,515568.0,,28-Nov-2019 12:00:00,6.55,410.95,411.0,411.05,411.1,411.15,227.0,1379.0,2348.0,815.0,246.0,EQ,,IGL,1322628.0,376830.0,2325.3,566387.0,7.5
,12.5,410.55,407.7,24-SEP-19,14-SEP-19,410.65,410.6,410.55,410.5,410.45,13.0,86.0,360.0,2218.0,284.0,3.15,0.0,21-NOV-19,11-DEC-18,14269.52,Indraprastha Gas Limited,Listed,0,0,0,412.5,408.0,230576.0,44.72,12-SEP-19,5.0,2.0,438.7,,False,INE203G01027,410.85,241.0,N,,,408.0,0.77,407.7,No Band,366.95,448.45,ANNUAL GENERAL MEETING/DIVIDEND - RS 2.40 PER SHARE,515568.0,,28-Nov-2019 12:00:00,6.55,410.85,410.9,410.95,411.0,411.05,610.0,450.0,217.0,1557.0,2014.0,EQ,,IGL,1345181.0,378452.0,2332.81,568216.0,7.5
,12.5,410.55,407.7,24-SEP-19,14-SEP-19,410.8,410.75,410.7,410.65,410.6,12.0,20.0,259.0,2.0,380.0,3.2,0.0,21-NOV-19,11-DEC-18,14269.52,Indraprastha Gas Limited,Listed,0,0,0,412.5,408.0,230576.0,44.72,12-SEP-19,5.0,2.0,438.7,,False,INE203G01027,410.9,241.0,N,,,408.0,0.78,407.7,No Band,366.95,448.45,ANNUAL GENERAL MEETING/DIVIDEND - RS 2.40 PER SHARE,515568.0,,28-Nov-2019 12:00:00,6.55,410.9,410.95,411.0,411.05,411.1,616.0,12.0,939.0,1606.0,697.0,EQ,,IGL,1357020.0,376641.0,2341.71,570384.0,7.5
,12.5,410.55,407.7,24-SEP-19,14-SEP-19,410.75,410.7,410.6,410.55,410.5,336.0,30.0,285.0,347.0,465.0,3.2,0.0,21-NOV-19,11-DEC-18,14269.52,Indraprastha Gas Limited,Listed,0,0,0,412.5,408.0,230576.0,44.72,12-SEP-19,5.0,2.0,438.7,,False,INE203G01027,410.9,241.0,N,,,408.0,0.78,407.7,No Band,366.95,448.45,ANNUAL GENERAL MEETING/DIVIDEND - RS 2.40 PER SHARE,515568.0,,28-Nov-2019 12:00:00,6.55,410.9,410.95,411.0,411.05,411.1,905.0,156.0,915.0,2298.0,1220.0,EQ,,IGL,1359199.0,376867.0,2344.95,571172.0,7.5
,12.5,410.56,407.7,24-SEP-19,14-SEP-19,410.85,410.8,410.75,410.7,410.65,20.0,76.0,796.0,680.0,3005.0,3.15,0.0,21-NOV-19,11-DEC-18,14269.52,Indraprastha Gas Limited,Listed,0,0,0,412.5,408.0,230576.0,44.72,12-SEP-19,5.0,2.0,438.7,,False,INE203G01027,410.85,241.0,N,,,408.0,0.77,407.7,No Band,366.95,448.45,ANNUAL GENERAL MEETING/DIVIDEND - RS 2.40 PER SHARE,515568.0,,28-Nov-2019 12:00:00,6.55,411.0,411.05,411.1,411.15,411.2,554.0,1623.0,12.0,264.0,123.0,EQ,,IGL,1360254.0,375317.0,2356.81,574048.0,7.5
,12.5,410.56,407.7,24-SEP-19,14-SEP-19,410.7,410.6,410.55,410.5,410.45,1.0,2.0,25.0,70.0,209.0,2.9,0.0,21-NOV-19,11-DEC-18,14269.52,Indraprastha Gas Limited,Listed,0,0,0,412.5,408.0,230576.0,44.72,12-SEP-19,5.0,2.0,438.7,,False,INE203G01027,410.6,241.0,N,,,408.0,0.71,407.7,No Band,366.95,448.45,ANNUAL GENERAL MEETING/DIVIDEND - RS 2.40 PER SHARE,515568.0,,28-Nov-2019 12:00:00,6.55,410.75,410.8,410.85,410.9,410.95,998.0,139.0,864.0,245.0,795.0,EQ,,IGL,1356678.0,383467.0,2374.47,578348.0,7.5
,12.5,410.56,407.7,24-SEP-19,14-SEP-19,410.6,410.55,410.45,410.4,410.35,1163.0,1050.0,6.0,530.0,100.0,2.95,0.0,21-NOV-19,11-DEC-18,14269.52,Indraprastha Gas Limited,Listed,0,0,0,412.5,408.0,230576.0,44.72,12-SEP-19,5.0,2.0,438.7,,False,INE203G01027,410.65,241.0,N,,,408.0,0.72,407.7,No Band,366.95,448.45,ANNUAL GENERAL MEETING/DIVIDEND - RS 2.40 PER SHARE,515568.0,,28-Nov-2019 12:00:00,6.55,410.65,410.7,410.75,410.8,410.85,279.0,717.0,874.0,1106.0,832.0,EQ,,IGL,1357490.0,382260.0,2380.67,579860.0,7.5
,12.5,410.56,407.7,24-SEP-19,14-SEP-19,410.65,410.6,410.55,410.5,410.45,11.0,903.0,1050.0,2.0,12.0,3.0,0.0,21-NOV-19,11-DEC-18,14269.52,Indraprastha Gas Limited,Listed,0,0,0,412.5,408.0,230576.0,44.72,12-SEP-19,5.0,2.0,438.7,,False,INE203G01027,410.7,241.0,N,,,408.0,0.74,407.7,No Band,366.95,448.45,ANNUAL GENERAL MEETING/DIVIDEND - RS 2.40 PER SHARE,515568.0,,28-Nov-2019 12:00:00,6.55,410.7,410.75,410.8,410.85,410.9,200.0,1157.0,1331.0,367.0,601.0,EQ,,IGL,1355867.0,380117.0,2390.14,582167.0,7.5
,12.5,410.56,407.7,24-SEP-19,14-SEP-19,410.8,410.75,410.7,410.65,410.6,217.0,133.0,269.0,139.0,292.0,3.2,0.0,21-NOV-19,11-DEC-18,14269.52,Indraprastha Gas Limited,Listed,0,0,0,412.5,408.0,230576.0,44.72,12-SEP-19,5.0,2.0,438.7,,False,INE203G01027,410.9,241.0,N,,,408.0,0.78,407.7,No Band,366.95,448.45,ANNUAL GENERAL MEETING/DIVIDEND - RS 2.40 PER SHARE,515568.0,,28-Nov-2019 12:00:00,6.55,410.9,410.95,411.0,411.05,411.1,484.0,166.0,1506.0,2114.0,407.0,EQ,,IGL,1361116.0,377535.0,2412.1,587515.0,7.5
,12.5,410.56,407.7,24-SEP-19,14-SEP-19,410.8,410.75,410.7,410.65,410.6,217.0,133.0,269.0,139.0,292.0,3.2,0.0,21-NOV-19,11-DEC-18,14269.52,Indraprastha Gas Limited,Listed,0,0,0,412.5,408.0,230576.0,44.72,12-SEP-19,5.0,2.0,438.7,,False,INE203G01027,410.9,241.0,N,,,408.0,0.78,407.7,No Band,366.95,448.45,ANNUAL GENERAL MEETING/DIVIDEND - RS 2.40 PER SHARE,515568.0,,28-Nov-2019 12:00:00,6.55,410.9,410.95,411.0,411.05,411.1,484.0,166.0,1506.0,2114.0,407.0,EQ,,IGL,1361116.0,377535.0,2412.1,587515.0,7.5
,12.5,410.56,407.7,24-SEP-19,14-SEP-19,410.6,410.55,410.5,410.45,410.4,78.0,634.0,429.0,684.0,3907.0,3.0,0.0,21-NOV-19,11-DEC-18,14269.52,Indraprastha Gas Limited,Listed,0,0,0,412.5,408.0,230576.0,44.72,12-SEP-19,5.0,2.0,438.7,,False,INE203G01027,410.7,241.0,N,,,408.0,0.74,407.7,No Band,366.95,448.45,ANNUAL GENERAL MEETING/DIVIDEND - RS 2.40 PER SHARE,515568.0,,28-Nov-2019 12:00:00,6.55,410.7,410.8,410.85,410.9,410.95,43.0,726.0,173.0,233.0,708.0,EQ,,IGL,1361133.0,375557.0,2427.66,591305.0,7.5
,12.5,410.56,407.7,24-SEP-19,14-SEP-19,410.35,410.3,410.25,410.2,410.15,195.0,547.0,384.0,2750.0,358.0,2.85,0.0,21-NOV-19,11-DEC-18,14269.52,Indraprastha Gas Limited,Listed,0,0,0,412.5,408.0,230576.0,44.72,12-SEP-19,5.0,2.0,438.7,,False,INE203G01027,410.55,241.0,N,,,408.0,0.7,407.7,No Band,366.95,448.45,ANNUAL GENERAL MEETING/DIVIDEND - RS 2.40 PER SHARE,515568.0,,28-Nov-2019 12:00:00,6.55,410.55,410.6,410.65,410.7,410.75,220.0,469.0,296.0,149.0,989.0,EQ,,IGL,367730.0,376845.0,2442.82,594998.0,7.5
,12.5,410.56,407.7,24-SEP-19,14-SEP-19,410.35,410.3,410.25,410.2,410.15,28.0,746.0,2770.0,12.0,209.0,2.7,0.0,21-NOV-19,11-DEC-18,14269.52,Indraprastha Gas Limited,Listed,0,0,0,412.5,408.0,230576.0,44.72,12-SEP-19,5.0,2.0,438.7,,False,INE203G01027,410.4,241.0,N,,,408.0,0.66,407.7,No Band,366.95,448.45,ANNUAL GENERAL MEETING/DIVIDEND - RS 2.40 PER SHARE,515568.0,,28-Nov-2019 12:00:00,6.55,410.4,410.5,410.55,410.6,410.65,288.0,245.0,673.0,389.0,218.0,EQ,,IGL,389207.0,377959.0,2446.0,595771.0,7.5
,12.5,410.56,407.7,24-SEP-19,14-SEP-19,410.75,410.7,410.65,410.6,410.55,21.0,1.0,5.0,25.0,14.0,3.1,0.0,21-NOV-19,11-DEC-18,14269.52,Indraprastha Gas Limited,Listed,0.9149663574717408,28/11/2019 13:17:46,1574927266.113708,412.5,408.0,230576.0,44.72,12-SEP-19,5.0,2.0,438.7,,False,INE203G01027,410.8,241.0,N,,,408.0,0.76,407.7,No Band,366.95,448.45,ANNUAL GENERAL MEETING/DIVIDEND - RS 2.40 PER SHARE,515568.0,,28-Nov-2019 12:00:00,6.55,410.8,410.85,410.9,410.95,411.0,599.0,638.0,1195.0,781.0,1044.0,EQ,,IGL,383877.0,376916.0,2464.31,600232.0,7.5
,12.5,410.56,407.7,24-SEP-19,14-SEP-19,410.8,410.75,410.7,410.65,410.6,12.0,6.0,15.0,8.0,147.0,3.1,0.0,21-NOV-19,11-DEC-18,14269.52,Indraprastha Gas Limited,Listed,1.2026020938559867,28/11/2019 13:18:51,1574927331.588367,412.5,408.0,239533.0,40.75,12-SEP-19,5.0,2.0,438.7,,False,INE203G01027,410.8,241.0,N,,,408.0,0.76,407.7,No Band,366.95,448.45,ANNUAL GENERAL MEETING/DIVIDEND - RS 2.40 PER SHARE,587866.0,,28-Nov-2019 13:00:00,6.55,410.85,410.9,411.0,411.05,411.1,532.0,620.0,2506.0,1793.0,777.0,EQ,,IGL,385505.0,376343.0,2466.79,600836.0,7.5
,12.5,410.56,407.7,24-SEP-19,14-SEP-19,410.7,410.6,410.55,410.5,410.45,8.0,434.0,1020.0,3195.0,660.0,2.95,0.0,21-NOV-19,11-DEC-18,14269.52,Indraprastha Gas Limited,Listed,1.8191385004270302,28/11/2019 13:24:09,1574927649.2803,412.5,408.0,239533.0,40.75,12-SEP-19,5.0,2.0,438.7,,False,INE203G01027,410.65,241.0,N,,,408.0,0.72,407.7,No Band,366.95,448.45,ANNUAL GENERAL MEETING/DIVIDEND - RS 2.40 PER SHARE,587866.0,,28-Nov-2019 13:00:00,6.55,410.75,410.8,410.85,410.9,410.95,168.0,33.0,111.0,458.0,2.0,EQ,,IGL,385081.0,371321.0,2498.15,608475.0,7.5
,12.5,410.56,407.7,24-SEP-19,14-SEP-19,410.95,410.9,410.8,410.75,410.7,5.0,1.0,1.0,32.0,21.0,3.3,0.0,21-NOV-19,11-DEC-18,14269.52,Indraprastha Gas Limited,Listed,2.1967682337034518,28/11/2019 13:27:19,1574927839.305041,412.5,408.0,239533.0,40.75,12-SEP-19,5.0,2.0,438.7,,False,INE203G01027,411.0,241.0,N,,,408.0,0.81,407.7,No Band,366.95,448.45,ANNUAL GENERAL MEETING/DIVIDEND - RS 2.40 PER SHARE,587866.0,,28-Nov-2019 13:00:00,6.55,411.0,411.05,411.1,411.15,411.2,1060.0,1500.0,395.0,1001.0,1759.0,EQ,,IGL,387756.0,371086.0,2506.4,610483.0,7.5
,12.5,410.57,407.7,24-SEP-19,14-SEP-19,411.0,410.95,410.9,410.75,410.7,55.0,1.0,1.0,132.0,373.0,3.35,0.0,21-NOV-19,11-DEC-18,14269.52,Indraprastha Gas Limited,Listed,2.4143603191709673,28/11/2019 13:27:42,1574927862.979428,412.5,408.0,239533.0,40.75,12-SEP-19,5.0,2.0,438.7,,False,INE203G01027,411.05,241.0,N,,,408.0,0.82,407.7,No Band,366.95,448.45,ANNUAL GENERAL MEETING/DIVIDEND - RS 2.40 PER SHARE,587866.0,,28-Nov-2019 13:00:00,6.55,411.05,411.15,411.2,411.25,411.3,1436.0,569.0,1761.0,511.0,601.0,EQ,,IGL,388196.0,369893.0,2515.08,612583.0,7.5
,12.5,410.57,407.7,24-SEP-19,14-SEP-19,411.0,410.95,410.9,410.85,410.8,3.0,2.0,107.0,279.0,227.0,3.3,0.0,21-NOV-19,11-DEC-18,14269.52,Indraprastha Gas Limited,Listed,2.876425566759778,28/11/2019 13:32:13,1574928133.543115,412.5,408.0,239533.0,40.75,12-SEP-19,5.0,2.0,438.7,,False,INE203G01027,411.0,241.0,N,,,408.0,0.81,407.7,No Band,366.95,448.45,ANNUAL GENERAL MEETING/DIVIDEND - RS 2.40 PER SHARE,587866.0,,28-Nov-2019 13:00:00,6.55,411.05,411.1,411.15,411.2,411.25,1072.0,19.0,2.0,2066.0,779.0,EQ,,IGL,389467.0,367688.0,2534.65,617349.0,7.5
,12.5,410.57,407.7,24-SEP-19,14-SEP-19,411.0,410.95,410.9,410.85,410.8,3.0,2.0,107.0,279.0,227.0,3.3,0.0,21-NOV-19,11-DEC-18,14269.52,Indraprastha Gas Limited,Listed,2.876425566759778,28/11/2019 13:33:10,1574928190.372216,412.5,408.0,239533.0,40.75,12-SEP-19,5.0,2.0,438.7,,False,INE203G01027,411.0,241.0,N,,,408.0,0.81,407.7,No Band,366.95,448.45,ANNUAL GENERAL MEETING/DIVIDEND - RS 2.40 PER SHARE,587866.0,,28-Nov-2019 13:00:00,6.55,411.05,411.1,411.15,411.2,411.25,1072.0,19.0,2.0,2066.0,779.0,EQ,,IGL,389467.0,367688.0,2534.65,617349.0,7.5
,12.5,410.57,407.7,24-SEP-19,14-SEP-19,410.75,410.7,410.65,410.6,410.55,2.0,12.0,27.0,229.0,592.0,3.1,0.0,21-NOV-19,11-DEC-18,14269.52,Indraprastha Gas Limited,Listed,1.7785433472989638,28/11/2019 13:38:01,1574928481.968691,412.5,408.0,239533.0,40.75,12-SEP-19,5.0,2.0,438.7,,False,INE203G01027,410.8,241.0,N,,,408.0,0.76,407.7,No Band,366.95,448.45,ANNUAL GENERAL MEETING/DIVIDEND - RS 2.40 PER SHARE,587866.0,,28-Nov-2019 13:00:00,6.55,410.8,410.85,410.9,410.95,411.0,617.0,10.0,41.0,151.0,769.0,EQ,,IGL,386131.0,372636.0,2555.73,622483.0,7.5
,12.5,410.58,407.7,24-SEP-19,14-SEP-19,410.95,410.85,410.8,410.75,410.7,6.0,138.0,103.0,392.0,322.0,3.15,0.0,21-NOV-19,11-DEC-18,14269.52,Indraprastha Gas Limited,Listed,1.152199920244584,28/11/2019 13:42:08,1574928728.679478,412.5,408.0,239533.0,40.75,12-SEP-19,5.0,2.0,438.7,,False,INE203G01027,410.85,241.0,N,,,408.0,0.77,407.7,No Band,366.95,448.45,ANNUAL GENERAL MEETING/DIVIDEND - RS 2.40 PER SHARE,587866.0,,28-Nov-2019 13:00:00,6.55,411.0,411.05,411.1,411.15,411.2,141.0,508.0,437.0,1396.0,1736.0,EQ,,IGL,380484.0,371816.0,2586.74,630021.0,7.5
,12.5,410.58,407.7,24-SEP-19,14-SEP-19,410.6,410.55,410.5,410.4,410.35,14.0,29.0,133.0,3249.0,487.0,2.9,0.0,21-NOV-19,11-DEC-18,14269.52,Indraprastha Gas Limited,Listed,0.33262711298367265,28/11/2019 13:43:42,1574928822.455711,412.5,408.0,239533.0,40.75,12-SEP-19,5.0,2.0,438.7,,False,INE203G01027,410.6,241.0,N,,,408.0,0.71,407.7,No Band,366.95,448.45,ANNUAL GENERAL MEETING/DIVIDEND - RS 2.40 PER SHARE,587866.0,,28-Nov-2019 13:00:00,6.55,410.7,410.75,410.8,410.85,410.9,197.0,123.0,183.0,418.0,786.0,EQ,,IGL,375538.0,373048.0,2609.38,635536.0,7.5
,12.5,410.58,407.7,24-SEP-19,14-SEP-19,410.85,410.8,410.75,410.7,410.65,67.0,82.0,3002.0,469.0,223.0,3.15,0.0,21-NOV-19,11-DEC-18,14269.52,Indraprastha Gas Limited,Listed,1.6012871590560707,28/11/2019 13:46:58,1574929018.073157,412.5,408.0,239533.0,40.75,12-SEP-19,5.0,2.0,438.7,,False,INE203G01027,410.85,241.0,N,,,408.0,0.77,407.7,No Band,366.95,448.45,ANNUAL GENERAL MEETING/DIVIDEND - RS 2.40 PER SHARE,587866.0,,28-Nov-2019 13:00:00,6.55,410.9,410.95,411.0,411.05,411.1,171.0,545.0,849.0,4755.0,1312.0,EQ,,IGL,384569.0,372447.0,2619.69,638046.0,7.5
,12.5,410.58,407.7,24-SEP-19,14-SEP-19,410.6,410.5,410.45,410.4,410.35,11.0,109.0,24.0,122.0,235.0,2.9,0.0,21-NOV-19,11-DEC-18,14269.52,Indraprastha Gas Limited,Listed,-0.2623638289153689,28/11/2019 13:51:59,1574929319.490617,412.5,408.0,239533.0,40.75,12-SEP-19,5.0,2.0,438.7,,False,INE203G01027,410.6,241.0,N,,,408.0,0.71,407.7,No Band,366.95,448.45,ANNUAL GENERAL MEETING/DIVIDEND - RS 2.40 PER SHARE,587866.0,,28-Nov-2019 13:00:00,6.55,410.7,410.75,410.8,410.85,410.9,378.0,208.0,314.0,1313.0,587.0,EQ,,IGL,374828.0,376800.0,2645.37,644301.0,7.5
,12.5,410.58,407.7,24-SEP-19,14-SEP-19,410.65,410.6,410.5,410.45,410.4,6.0,1.0,51.0,90.0,123.0,3.05,0.0,21-NOV-19,11-DEC-18,14269.52,Indraprastha Gas Limited,Listed,-0.05882196374862758,28/11/2019 13:55:03,1574929503.041161,412.5,408.0,239533.0,40.75,12-SEP-19,5.0,2.0,438.7,,False,INE203G01027,410.75,241.0,N,,,408.0,0.75,407.7,No Band,366.95,448.45,ANNUAL GENERAL MEETING/DIVIDEND - RS 2.40 PER SHARE,587866.0,,28-Nov-2019 13:00:00,6.55,410.75,410.8,410.85,410.9,410.95,59.0,261.0,937.0,1167.0,945.0,EQ,,IGL,375489.0,375931.0,2666.13,649358.0,7.5
,12.5,410.58,407.7,24-SEP-19,14-SEP-19,410.95,410.85,410.8,410.75,410.7,25.0,123.0,1.0,24.0,241.0,3.3,0.0,21-NOV-19,11-DEC-18,14269.52,Indraprastha Gas Limited,Listed,-0.05798801760360561,28/11/2019 14:00:10,1574929810.397203,412.5,408.0,239533.0,40.75,12-SEP-19,5.0,2.0,438.7,,False,INE203G01027,411.0,241.0,N,,,408.0,0.81,407.7,No Band,366.95,448.45,ANNUAL GENERAL MEETING/DIVIDEND - RS 2.40 PER SHARE,587866.0,,28-Nov-2019 13:00:00,6.55,411.0,411.05,411.1,411.15,411.2,4431.0,3520.0,546.0,780.0,1407.0,EQ,,IGL,371413.0,371844.0,2682.71,653396.0,7.5
,12.5,410.58,407.7,24-SEP-19,14-SEP-19,410.95,410.85,410.8,410.75,410.7,25.0,123.0,1.0,24.0,241.0,3.3,0.0,21-NOV-19,11-DEC-18,14269.52,Indraprastha Gas Limited,Listed,-0.05798801760360561,28/11/2019 14:00:22,1574929822.300394,412.5,408.0,239533.0,40.75,12-SEP-19,5.0,2.0,438.7,,False,INE203G01027,411.0,241.0,N,,,408.0,0.81,407.7,No Band,366.95,448.45,ANNUAL GENERAL MEETING/DIVIDEND - RS 2.40 PER SHARE,587866.0,,28-Nov-2019 13:00:00,6.55,411.0,411.05,411.1,411.15,411.2,4431.0,3520.0,546.0,780.0,1407.0,EQ,,IGL,371413.0,371844.0,2682.71,653396.0,7.5
,12.5,410.59,407.7,24-SEP-19,14-SEP-19,410.75,410.65,410.6,410.55,410.5,2.0,154.0,927.0,532.0,320.0,3.25,0.0,21-NOV-19,11-DEC-18,14269.52,Indraprastha Gas Limited,Listed,0.6703940433140758,28/11/2019 14:03:26,1574930006.11118,412.5,408.0,239533.0,40.75,12-SEP-19,5.0,2.0,438.7,,False,INE203G01027,410.95,241.0,N,,,408.0,0.8,407.7,No Band,366.95,448.45,ANNUAL GENERAL MEETING/DIVIDEND - RS 2.40 PER SHARE,587866.0,,28-Nov-2019 13:00:00,6.55,410.95,411.0,411.05,411.1,411.15,44.0,6214.0,3520.0,790.0,1862.0,EQ,,IGL,377217.0,372193.0,2705.57,658947.0,7.5
,12.5,410.59,407.7,24-SEP-19,14-SEP-19,410.85,410.7,410.65,410.6,410.55,41.0,375.0,188.0,232.0,531.0,3.2,0.0,21-NOV-19,11-DEC-18,14269.52,Indraprastha Gas Limited,Listed,0.5293253173012715,28/11/2019 14:07:32,1574930252.305673,412.5,408.0,239533.0,40.75,12-SEP-19,5.0,2.0,438.7,,False,INE203G01027,410.9,241.0,N,,,408.0,0.78,407.7,No Band,366.95,448.45,ANNUAL GENERAL MEETING/DIVIDEND - RS 2.40 PER SHARE,587866.0,,28-Nov-2019 13:00:00,6.55,410.9,410.95,411.0,411.05,411.1,195.0,326.0,6034.0,3477.0,1855.0,EQ,,IGL,376231.0,372269.0,2716.52,661614.0,7.5
,12.5,410.59,407.7,24-SEP-19,14-SEP-19,410.9,410.8,410.75,410.7,410.65,5.0,5.0,1343.0,867.0,955.0,3.3,0.0,21-NOV-19,11-DEC-18,14269.52,Indraprastha Gas Limited,Listed,-0.8819126876227301,28/11/2019 14:09:18,1574930358.628503,412.5,408.0,239533.0,40.75,12-SEP-19,5.0,2.0,438.7,,False,INE203G01027,411.0,241.0,N,,,408.0,0.81,407.7,No Band,366.95,448.45,ANNUAL GENERAL MEETING/DIVIDEND - RS 2.40 PER SHARE,587866.0,,28-Nov-2019 13:00:00,6.55,411.0,411.05,411.1,411.15,411.2,2351.0,3522.0,100.0,271.0,407.0,EQ,,IGL,360884.0,367306.0,2733.31,665703.0,7.5
,12.5,410.59,407.7,24-SEP-19,14-SEP-19,410.95,410.9,410.8,410.75,410.7,6.0,1.0,5.0,1128.0,858.0,3.3,0.0,21-NOV-19,11-DEC-18,14269.52,Indraprastha Gas Limited,Listed,-0.6251325892721837,28/11/2019 14:12:24,1574930544.340159,412.5,408.0,239533.0,40.75,12-SEP-19,5.0,2.0,438.7,,False,INE203G01027,411.0,241.0,N,,,408.0,0.81,407.7,No Band,366.95,448.45,ANNUAL GENERAL MEETING/DIVIDEND - RS 2.40 PER SHARE,587866.0,,28-Nov-2019 13:00:00,6.55,411.0,411.05,411.1,411.15,411.2,1694.0,3522.0,100.0,362.0,24.0,EQ,,IGL,360694.0,365232.0,2736.48,666476.0,7.5
,12.5,410.6,407.7,24-SEP-19,14-SEP-19,411.25,411.2,411.15,411.1,411.05,270.0,101.0,1290.0,256.0,714.0,3.75,0.0,21-NOV-19,11-DEC-18,14269.52,Indraprastha Gas Limited,Listed,0.7135805872663781,28/11/2019 14:15:06,1574930706.241993,412.5,408.0,260344.0,39.53,12-SEP-19,5.0,2.0,438.7,,False,INE203G01027,411.45,241.0,N,,,408.0,0.92,407.7,No Band,366.95,448.45,ANNUAL GENERAL MEETING/DIVIDEND - RS 2.40 PER SHARE,658531.0,,28-Nov-2019 14:00:00,6.55,411.45,411.5,411.55,411.6,411.65,18.0,2084.0,405.0,1839.0,370.0,EQ,,IGL,361667.0,356542.0,2785.48,678393.0,7.5
,12.5,410.61,407.7,24-SEP-19,14-SEP-19,411.25,411.2,411.15,411.1,411.05,19.0,162.0,190.0,253.0,952.0,3.55,0.0,21-NOV-19,11-DEC-18,14269.52,Indraprastha Gas Limited,Listed,1.4491787246338106,28/11/2019 14:19:09,1574930949.445441,412.5,408.0,260344.0,39.53,12-SEP-19,5.0,2.0,438.7,,False,INE203G01027,411.25,241.0,N,,,408.0,0.87,407.7,No Band,366.95,448.45,ANNUAL GENERAL MEETING/DIVIDEND - RS 2.40 PER SHARE,658531.0,,28-Nov-2019 14:00:00,6.55,411.3,411.4,411.45,411.5,411.55,320.0,2.0,347.0,1274.0,128.0,EQ,,IGL,365144.0,354712.0,2824.34,687840.0,7.5
,12.5,410.62,407.7,24-SEP-19,14-SEP-19,411.05,411.0,410.95,410.9,410.85,1.0,17.0,129.0,797.0,1157.0,3.45,0.0,21-NOV-19,11-DEC-18,14269.52,Indraprastha Gas Limited,Listed,0.72155038889845,28/11/2019 14:23:11,1574931191.281309,412.5,408.0,260344.0,39.53,12-SEP-19,5.0,2.0,438.7,,False,INE203G01027,411.15,241.0,N,,,408.0,0.85,407.7,No Band,366.95,448.45,ANNUAL GENERAL MEETING/DIVIDEND - RS 2.40 PER SHARE,658531.0,,28-Nov-2019 14:00:00,6.55,411.15,411.2,411.3,411.35,411.4,1341.0,100.0,936.0,123.0,1468.0,EQ,,IGL,359934.0,354777.0,2854.35,695132.0,7.5
,12.5,410.62,407.7,24-SEP-19,14-SEP-19,410.95,410.9,410.85,410.8,410.75,6.0,17.0,30.0,17.0,151.0,3.3,0.0,21-NOV-19,11-DEC-18,14269.52,Indraprastha Gas Limited,Listed,-1.5855997258775005,28/11/2019 14:25:18,1574931318.083886,412.5,408.0,260344.0,39.53,12-SEP-19,5.0,2.0,438.7,,False,INE203G01027,411.0,241.0,N,,,408.0,0.81,407.7,No Band,366.95,448.45,ANNUAL GENERAL MEETING/DIVIDEND - RS 2.40 PER SHARE,658531.0,,28-Nov-2019 14:00:00,6.55,411.0,411.1,411.15,411.25,411.3,44.0,24.0,123.0,139.0,954.0,EQ,,IGL,356144.0,367620.0,2882.08,701884.0,7.5
,12.5,410.62,407.7,24-SEP-19,14-SEP-19,411.1,411.05,411.0,410.95,410.9,1.0,4.0,546.0,284.0,357.0,3.45,0.0,21-NOV-19,11-DEC-18,14269.52,Indraprastha Gas Limited,Listed,-0.8649230544737776,28/11/2019 14:28:38,1574931518.695473,412.5,408.0,260344.0,39.53,12-SEP-19,5.0,2.0,438.7,,False,INE203G01027,411.15,241.0,N,,,408.0,0.85,407.7,No Band,366.95,448.45,ANNUAL GENERAL MEETING/DIVIDEND - RS 2.40 PER SHARE,658531.0,,28-Nov-2019 14:00:00,6.55,411.15,411.25,411.3,411.35,411.4,5.0,751.0,411.0,24.0,1215.0,EQ,,IGL,360070.0,366353.0,2893.45,704654.0,7.5
,12.5,410.63,407.7,24-SEP-19,14-SEP-19,411.3,411.25,411.2,411.15,411.1,6.0,2.0,13.0,1.0,2.0,3.75,0.0,21-NOV-19,11-DEC-18,14269.52,Indraprastha Gas Limited,Listed,1.126109207325655,28/11/2019 14:31:22,1574931682.740465,412.5,408.0,260344.0,39.53,12-SEP-19,5.0,2.0,438.7,,False,INE203G01027,411.45,241.0,N,,,408.0,0.92,407.7,No Band,366.95,448.45,ANNUAL GENERAL MEETING/DIVIDEND - RS 2.40 PER SHARE,658531.0,,28-Nov-2019 14:00:00,6.55,411.45,411.5,411.55,411.6,411.65,114.0,699.0,339.0,2147.0,493.0,EQ,,IGL,370206.0,361961.0,2915.27,709951.0,7.5
,12.5,410.64,407.7,24-SEP-19,14-SEP-19,411.55,411.5,411.45,411.4,411.35,3.0,1.0,97.0,24.0,6.0,4.05,0.0,21-NOV-19,11-DEC-18,14269.52,Indraprastha Gas Limited,Listed,2.6609885645750637,28/11/2019 14:36:02,1574931962.721282,412.5,408.0,260344.0,39.53,12-SEP-19,5.0,2.0,438.7,,False,INE203G01027,411.75,241.0,N,,,408.0,0.99,407.7,No Band,366.95,448.45,ANNUAL GENERAL MEETING/DIVIDEND - RS 2.40 PER SHARE,658531.0,,28-Nov-2019 14:00:00,6.55,411.75,411.8,411.85,411.9,411.95,329.0,1016.0,799.0,609.0,1742.0,EQ,,IGL,371487.0,352229.0,2961.17,721112.0,7.5
,12.5,410.65,407.7,24-SEP-19,14-SEP-19,411.85,411.75,411.7,411.65,411.6,12.0,1.0,128.0,13.0,12.0,4.2,0.0,21-NOV-19,11-DEC-18,14269.52,Indraprastha Gas Limited,Listed,3.42360585695846,28/11/2019 14:36:36,1574931996.49569,412.5,408.0,260344.0,39.53,12-SEP-19,5.0,2.0,438.7,,False,INE203G01027,411.9,241.0,N,,,408.0,1.03,407.7,No Band,366.95,448.45,ANNUAL GENERAL MEETING/DIVIDEND - RS 2.40 PER SHARE,658531.0,,28-Nov-2019 14:00:00,6.55,411.9,411.95,412.0,412.05,412.1,41.0,824.0,4944.0,645.0,370.0,EQ,,IGL,371812.0,347196.0,2981.86,726132.0,7.5
,12.5,410.78,407.7,24-SEP-19,14-SEP-19,413.4,413.35,413.3,413.25,413.2,332.0,192.0,265.0,704.0,540.0,5.7,0.0,21-NOV-19,11-DEC-18,14269.52,Indraprastha Gas Limited,Listed,5.65439077589896,28/11/2019 14:41:23,1574932283.728618,413.75,408.0,260344.0,39.53,12-SEP-19,5.0,2.0,438.7,,False,INE203G01027,413.4,241.0,N,,,408.0,1.4,407.7,No Band,366.95,448.45,ANNUAL GENERAL MEETING/DIVIDEND - RS 2.40 PER SHARE,658531.0,,28-Nov-2019 14:00:00,6.55,413.7,413.75,413.8,413.9,413.95,460.0,548.0,535.0,1099.0,1661.0,EQ,,IGL,376613.0,336302.0,3202.65,779651.0,7.5
,12.5,410.82,407.7,24-SEP-19,14-SEP-19,412.65,412.6,412.55,412.5,412.4,141.0,106.0,53.0,101.0,12.0,5.1,0.0,21-NOV-19,11-DEC-18,14269.52,Indraprastha Gas Limited,Listed,3.5983647588853813,28/11/2019 14:44:11,1574932451.219652,413.75,408.0,260344.0,39.53,12-SEP-19,5.0,2.0,438.7,,False,INE203G01027,412.8,241.0,N,,,408.0,1.25,407.7,No Band,366.95,448.45,ANNUAL GENERAL MEETING/DIVIDEND - RS 2.40 PER SHARE,658531.0,,28-Nov-2019 14:00:00,6.55,412.8,412.85,412.9,412.95,413.0,628.0,24.0,1031.0,170.0,1326.0,EQ,,IGL,372519.0,346641.0,3263.54,794396.0,7.5
,12.5,410.84,407.7,24-SEP-19,14-SEP-19,412.75,412.7,412.6,412.55,412.5,1.0,1.0,14.0,568.0,871.0,5.1,0.0,21-NOV-19,11-DEC-18,14269.52,Indraprastha Gas Limited,Listed,5.002860540249472,28/11/2019 14:46:19,1574932579.189415,413.75,408.0,260344.0,39.53,12-SEP-19,5.0,2.0,438.7,,False,INE203G01027,412.8,241.0,N,,,408.0,1.25,407.7,No Band,366.95,448.45,ANNUAL GENERAL MEETING/DIVIDEND - RS 2.40 PER SHARE,658531.0,,28-Nov-2019 14:00:00,6.55,412.8,412.95,413.0,413.1,413.15,279.0,123.0,5.0,1668.0,685.0,EQ,,IGL,374415.0,338737.0,3295.0,802016.0,7.5
,12.5,410.88,407.7,24-SEP-19,14-SEP-19,413.05,413.0,412.95,412.9,412.85,2.0,780.0,503.0,317.0,312.0,5.5,0.0,21-NOV-19,11-DEC-18,14269.52,Indraprastha Gas Limited,Listed,7.407899878430001,28/11/2019 14:50:27,1574932827.635368,413.75,408.0,260344.0,39.53,12-SEP-19,5.0,2.0,438.7,,False,INE203G01027,413.2,241.0,N,,,408.0,1.35,407.7,No Band,366.95,448.45,ANNUAL GENERAL MEETING/DIVIDEND - RS 2.40 PER SHARE,658531.0,,28-Nov-2019 14:00:00,6.55,413.2,413.25,413.3,413.35,413.4,2163.0,178.0,934.0,1762.0,866.0,EQ,,IGL,395811.0,341213.0,3346.71,814522.0,7.5
,12.5,410.92,407.7,24-SEP-19,14-SEP-19,412.85,412.75,412.7,412.65,412.6,105.0,2.0,51.0,43.0,373.0,5.2,0.0,21-NOV-19,11-DEC-18,14269.52,Indraprastha Gas Limited,Listed,4.19541058138617,28/11/2019 14:54:35,1574933075.055877,413.75,408.0,260344.0,39.53,12-SEP-19,5.0,2.0,438.7,,False,INE203G01027,412.9,241.0,N,,,408.0,1.28,407.7,No Band,366.95,448.45,ANNUAL GENERAL MEETING/DIVIDEND - RS 2.40 PER SHARE,658531.0,,28-Nov-2019 14:00:00,6.55,412.9,412.95,413.0,413.05,413.1,69.0,1.0,1857.0,35.0,238.0,EQ,,IGL,383188.0,352330.0,3430.7,834883.0,7.5
,12.5,410.92,407.7,24-SEP-19,14-SEP-19,412.85,412.75,412.7,412.65,412.6,105.0,2.0,51.0,43.0,373.0,5.2,0.0,21-NOV-19,11-DEC-18,14269.52,Indraprastha Gas Limited,Listed,4.19541058138617,28/11/2019 14:54:54,1574933094.293472,413.75,408.0,260344.0,39.53,12-SEP-19,5.0,2.0,438.7,,False,INE203G01027,412.9,241.0,N,,,408.0,1.28,407.7,No Band,366.95,448.45,ANNUAL GENERAL MEETING/DIVIDEND - RS 2.40 PER SHARE,658531.0,,28-Nov-2019 14:00:00,6.55,412.9,412.95,413.0,413.05,413.1,69.0,1.0,1857.0,35.0,238.0,EQ,,IGL,383188.0,352330.0,3430.7,834883.0,7.5
,12.5,410.96,407.7,24-SEP-19,14-SEP-19,413.2,413.15,413.1,413.05,413.0,129.0,692.0,1052.0,75.0,20.0,5.5,0.0,21-NOV-19,11-DEC-18,14269.52,Indraprastha Gas Limited,Listed,5.365666258543641,28/11/2019 15:00:18,1574933418.716493,413.75,408.0,260344.0,39.53,12-SEP-19,5.0,2.0,438.7,,False,INE203G01027,413.2,241.0,N,,,408.0,1.35,407.7,No Band,366.95,448.45,ANNUAL GENERAL MEETING/DIVIDEND - RS 2.40 PER SHARE,658531.0,,28-Nov-2019 14:00:00,6.55,413.4,413.45,413.5,413.55,413.6,1337.0,903.0,1791.0,2252.0,313.0,EQ,,IGL,381233.0,342405.0,3489.03,848996.0,7.5
,12.5,410.98,407.7,24-SEP-19,14-SEP-19,413.05,413.0,412.95,412.9,412.85,218.0,770.0,451.0,332.0,80.0,5.35,0.0,21-NOV-19,11-DEC-18,14269.52,Indraprastha Gas Limited,Listed,3.106526775569236,28/11/2019 15:04:30,1574933670.542328,413.75,408.0,260344.0,39.53,12-SEP-19,5.0,2.0,438.7,,False,INE203G01027,413.05,241.0,N,,,408.0,1.31,407.7,No Band,366.95,448.45,ANNUAL GENERAL MEETING/DIVIDEND - RS 2.40 PER SHARE,658531.0,,28-Nov-2019 14:00:00,6.55,413.3,413.35,413.4,413.45,413.5,261.0,362.0,161.0,877.0,1626.0,EQ,,IGL,349361.0,328309.0,3527.16,858232.0,7.5
,12.5,411.02,407.7,24-SEP-19,14-SEP-19,412.05,412.0,411.95,411.9,411.85,131.0,3420.0,10622.0,414.0,375.0,4.35,0.0,21-NOV-19,11-DEC-18,14269.52,Indraprastha Gas Limited,Listed,4.8268498147153736,28/11/2019 15:08:48,1574933928.1358,413.75,408.0,260344.0,39.53,12-SEP-19,5.0,2.0,438.7,,False,INE203G01027,412.05,241.0,N,,,408.0,1.07,407.7,No Band,366.95,448.45,ANNUAL GENERAL MEETING/DIVIDEND - RS 2.40 PER SHARE,658531.0,,28-Nov-2019 14:00:00,6.55,412.15,412.35,412.4,412.45,412.5,441.0,465.0,579.0,186.0,293.0,EQ,,IGL,332809.0,302160.0,3603.93,876826.0,7.5
,12.5,411.04,407.7,24-SEP-19,14-SEP-19,412.15,412.1,412.05,412.0,411.95,1359.0,13.0,2906.0,78.0,245.0,4.45,0.0,21-NOV-19,11-DEC-18,14269.52,Indraprastha Gas Limited,Listed,7.72041829399825,28/11/2019 15:11:00,1574934060.597957,413.75,408.0,260344.0,39.53,12-SEP-19,5.0,2.0,438.7,,False,INE203G01027,412.15,241.0,N,,,408.0,1.09,407.7,No Band,366.95,448.45,ANNUAL GENERAL MEETING/DIVIDEND - RS 2.40 PER SHARE,658531.0,,28-Nov-2019 14:00:00,6.55,412.2,412.3,412.35,412.4,412.45,106.0,146.0,170.0,309.0,652.0,EQ,,IGL,321595.0,275497.0,3673.94,893816.0,7.5
,12.5,411.05,407.7,24-SEP-19,14-SEP-19,412.4,412.35,412.3,412.25,412.2,2629.0,271.0,134.0,242.0,5041.0,4.8,0.0,21-NOV-19,11-DEC-18,14269.52,Indraprastha Gas Limited,Listed,8.990825082181317,28/11/2019 15:14:01,1574934241.140572,413.75,408.0,260344.0,39.53,12-SEP-19,5.0,2.0,438.7,,False,INE203G01027,412.5,241.0,N,,,408.0,1.18,407.7,No Band,366.95,448.45,ANNUAL GENERAL MEETING/DIVIDEND - RS 2.40 PER SHARE,658531.0,,28-Nov-2019 14:00:00,6.55,412.5,412.55,412.6,412.65,412.7,103.0,200.0,240.0,857.0,919.0,EQ,,IGL,330064.0,275609.0,3697.63,899558.0,7.5
,12.5,411.09,407.7,24-SEP-19,14-SEP-19,411.7,411.65,411.6,411.55,411.5,181.0,2988.0,14.0,25.0,366.0,4.15,0.0,21-NOV-19,11-DEC-18,14269.52,Indraprastha Gas Limited,Listed,5.311236123793634,28/11/2019 15:17:47,1574934467.233552,413.75,408.0,260344.0,39.53,12-SEP-19,5.0,2.0,438.7,,False,INE203G01027,411.85,241.0,N,,,408.0,1.02,407.7,No Band,366.95,448.45,ANNUAL GENERAL MEETING/DIVIDEND - RS 2.40 PER SHARE,658531.0,,28-Nov-2019 14:00:00,6.55,411.85,411.9,411.95,412.0,412.05,1641.0,700.0,666.0,1073.0,562.0,EQ,,IGL,305044.0,274275.0,3848.28,936115.0,7.5
,12.5,411.1,407.7,24-SEP-19,14-SEP-19,411.7,411.65,411.6,411.55,411.5,1944.0,115.0,4718.0,6248.0,3987.0,4.25,0.0,21-NOV-19,11-DEC-18,14269.52,Indraprastha Gas Limited,Listed,9.299497296456892,28/11/2019 15:19:27,1574934567.895061,413.75,408.0,302321.0,35.16,12-SEP-19,5.0,2.0,438.7,,False,INE203G01027,411.95,241.0,N,,,408.0,1.04,407.7,No Band,366.95,448.45,ANNUAL GENERAL MEETING/DIVIDEND - RS 2.40 PER SHARE,859952.0,,28-Nov-2019 15:00:00,6.55,411.95,412.0,412.05,412.1,412.15,717.0,659.0,14.0,573.0,355.0,EQ,,IGL,316351.0,262519.0,3882.84,944501.0,7.5
,12.5,411.11,407.7,24-SEP-19,14-SEP-19,411.25,411.2,411.15,411.1,411.05,266.0,461.0,2888.0,5806.0,515.0,3.55,0.0,21-NOV-19,11-DEC-18,14269.52,Indraprastha Gas Limited,Listed,9.46617644738295,28/11/2019 15:22:34,1574934754.156805,413.75,408.0,302321.0,35.16,12-SEP-19,5.0,2.0,438.7,,False,INE203G01027,411.25,241.0,N,,,408.0,0.87,407.7,No Band,366.95,448.45,ANNUAL GENERAL MEETING/DIVIDEND - RS 2.40 PER SHARE,859952.0,,28-Nov-2019 15:00:00,6.55,411.45,411.5,411.55,411.6,411.65,609.0,591.0,349.0,759.0,127.0,EQ,,IGL,312174.0,258183.0,3927.77,955407.0,7.5
,12.5,411.13,407.7,24-SEP-19,14-SEP-19,411.95,411.9,411.85,411.8,411.75,211.0,127.0,502.0,1226.0,2787.0,4.5,0.0,21-NOV-19,11-DEC-18,14269.52,Indraprastha Gas Limited,Listed,6.668344909393966,28/11/2019 15:26:45,1574935005.972831,413.75,408.0,302321.0,35.16,12-SEP-19,5.0,2.0,438.7,,False,INE203G01027,412.2,241.0,N,,,408.0,1.1,407.7,No Band,366.95,448.45,ANNUAL GENERAL MEETING/DIVIDEND - RS 2.40 PER SHARE,859952.0,,28-Nov-2019 15:00:00,6.55,412.25,412.3,412.35,412.4,412.45,131.0,241.0,1002.0,317.0,544.0,EQ,,IGL,279662.0,244696.0,4063.88,988465.0,7.5
,12.5,411.14,407.7,24-SEP-19,14-SEP-19,411.65,411.6,411.55,411.45,411.4,2750.0,250.0,3.0,2.0,378.0,3.9,0.0,21-NOV-19,11-DEC-18,14269.52,Indraprastha Gas Limited,Listed,10.822033276323367,28/11/2019 15:30:45,1574935245.026317,413.75,408.0,302321.0,35.16,12-SEP-19,5.0,2.0,438.7,,False,INE203G01027,411.6,241.0,N,,,408.0,0.96,407.7,No Band,366.95,448.45,ANNUAL GENERAL MEETING/DIVIDEND - RS 2.40 PER SHARE,859952.0,,28-Nov-2019 15:00:00,6.55,411.85,411.9,411.95,412.0,412.05,9.0,165.0,100.0,441.0,601.0,EQ,,IGL,249144.0,200485.0,4174.69,1015394.0,7.5
,12.5,411.14,407.7,24-SEP-19,14-SEP-19,411.65,411.6,411.55,411.45,411.4,2750.0,250.0,3.0,2.0,378.0,3.9,0.0,21-NOV-19,11-DEC-18,14269.52,Indraprastha Gas Limited,Listed,10.822033276323367,28/11/2019 15:31:43,1574935303.483954,413.75,408.0,302321.0,35.16,12-SEP-19,5.0,2.0,438.7,,False,INE203G01027,411.6,241.0,N,,,408.0,0.96,407.7,No Band,366.95,448.45,ANNUAL GENERAL MEETING/DIVIDEND - RS 2.40 PER SHARE,859952.0,,28-Nov-2019 15:00:00,6.55,411.85,411.9,411.95,412.0,412.05,9.0,165.0,100.0,441.0,601.0,EQ,,IGL,249144.0,200485.0,4174.69,1015394.0,7.5
,12.5,411.14,407.7,24-SEP-19,14-SEP-19,,,,,,,,,,,4.3,411.9,21-NOV-19,11-DEC-18,14416.52,Indraprastha Gas Limited,Listed,-100.0,29/11/2019 09:02:40,1574998360.944208,413.75,408.0,243562.0,23.63,12-SEP-19,5.0,2.0,438.7,,False,INE203G01027,412.0,241.0,N,,,408.0,1.05,407.7,No Band,370.75,453.05,ANNUAL GENERAL MEETING/DIVIDEND - RS 2.40 PER SHARE,1030851.0,,28-Nov-2019 00:00:00,6.4,411.9,,,,,996.0,,,,,EQ,,IGL,,996.0,4238.24,1030851.0,7.5
,12.5,411.14,407.7,24-SEP-19,14-SEP-19,,,,,,,,,,,4.3,411.9,21-NOV-19,11-DEC-18,14416.52,Indraprastha Gas Limited,Listed,-100.0,29/11/2019 09:03:28,1574998408.522305,413.75,408.0,243562.0,23.63,12-SEP-19,5.0,2.0,438.7,,False,INE203G01027,412.0,241.0,N,,,408.0,1.05,407.7,No Band,370.75,453.05,ANNUAL GENERAL MEETING/DIVIDEND - RS 2.40 PER SHARE,1030851.0,,28-Nov-2019 00:00:00,6.4,411.9,,,,,996.0,,,,,EQ,,IGL,,996.0,4238.24,1030851.0,7.5
,12.5,411.14,407.7,24-SEP-19,14-SEP-19,,,,,,,,,,,4.3,411.9,21-NOV-19,11-DEC-18,14416.52,Indraprastha Gas Limited,Listed,-100.0,29/11/2019 09:08:01,1574998681.113305,413.75,408.0,243562.0,23.63,12-SEP-19,5.0,2.0,438.7,,False,INE203G01027,412.0,241.0,N,,,408.0,1.05,407.7,No Band,370.75,453.05,ANNUAL GENERAL MEETING/DIVIDEND - RS 2.40 PER SHARE,1030851.0,,28-Nov-2019 00:00:00,6.4,411.9,,,,,996.0,,,,,EQ,,IGL,,996.0,4238.24,1030851.0,7.5
,12.5,411.14,407.7,24-SEP-19,14-SEP-19,,,,,,,,,,,4.3,411.9,21-NOV-19,11-DEC-18,14416.52,Indraprastha Gas Limited,Listed,-100.0,29/11/2019 09:09:23,1574998763.732254,413.75,408.0,243562.0,23.63,12-SEP-19,5.0,2.0,438.7,,False,INE203G01027,412.0,241.0,N,,,408.0,1.05,407.7,No Band,370.75,453.05,ANNUAL GENERAL MEETING/DIVIDEND - RS 2.40 PER SHARE,1030851.0,,28-Nov-2019 00:00:00,6.4,411.9,,,,,996.0,,,,,EQ,,IGL,,996.0,4238.24,1030851.0,7.5
,12.5,411.14,407.7,24-SEP-19,14-SEP-19,,,,,,,,,,,4.3,411.9,21-NOV-19,11-DEC-18,14416.52,Indraprastha Gas Limited,Listed,-100.0,29/11/2019 09:13:18,1574998998.230337,413.75,408.0,243562.0,23.63,12-SEP-19,5.0,2.0,438.7,,False,INE203G01027,412.0,241.0,N,,,408.0,1.05,407.7,No Band,370.75,453.05,ANNUAL GENERAL MEETING/DIVIDEND - RS 2.40 PER SHARE,1030851.0,,28-Nov-2019 00:00:00,6.4,411.9,,,,,996.0,,,,,EQ,,IGL,,996.0,4238.24,1030851.0,7.5
,12.5,411.14,411.9,24-SEP-19,14-SEP-19,,,,,,,,,,,0.1,411.9,21-NOV-19,11-DEC-18,14416.52,Indraprastha Gas Limited,Listed,-100.0,29/11/2019 09:17:24,1574999244.595431,413.75,408.0,243562.0,23.63,12-SEP-19,5.0,2.0,438.7,,False,INE203G01027,412.0,241.0,N,,,408.0,0.02,407.7,No Band,370.75,453.05,ANNUAL GENERAL MEETING/DIVIDEND - RS 2.40 PER SHARE,1030851.0,,28-Nov-2019 00:00:00,6.4,411.9,,,,,996.0,,,,,EQ,,IGL,,996.0,4238.24,1030851.0,7.5
,12.5,415.59,411.9,24-SEP-19,14-SEP-19,416.2,416.15,416.1,416.05,416.0,1295.0,1338.0,265.0,486.0,1681.0,4.3,0.0,21-NOV-19,11-DEC-18,14416.52,Indraprastha Gas Limited,Listed,3.266222272043535,29/11/2019 09:23:45,1574999625.470336,416.9,412.0,243562.0,23.63,12-SEP-19,5.0,2.0,438.7,,False,INE203G01027,416.2,241.0,N,,,413.0,1.04,411.9,No Band,370.75,453.05,ANNUAL GENERAL MEETING/DIVIDEND - RS 2.40 PER SHARE,1030851.0,,28-Nov-2019 00:00:00,6.4,416.5,416.55,416.6,416.65,416.7,10.0,25.0,2587.0,6458.0,538.0,EQ,,IGL,198061.0,185532.0,423.19,101828.0,7.5
,12.5,415.62,411.9,24-SEP-19,14-SEP-19,415.4,415.35,415.3,415.25,415.2,274.0,1.0,553.0,302.0,334.0,3.6,0.0,21-NOV-19,11-DEC-18,14416.52,Indraprastha Gas Limited,Listed,-0.19988176008558867,29/11/2019 09:26:30,1574999790.067801,416.9,412.0,243562.0,23.63,12-SEP-19,5.0,2.0,438.7,,False,INE203G01027,415.5,241.0,N,,,413.0,0.87,411.9,No Band,370.75,453.05,ANNUAL GENERAL MEETING/DIVIDEND - RS 2.40 PER SHARE,1030851.0,,28-Nov-2019 00:00:00,6.4,415.5,415.6,415.65,415.7,415.75,335.0,272.0,223.0,96.0,3152.0,EQ,,IGL,194975.0,195756.0,478.61,115155.0,7.5
,12.5,415.54,411.9,24-SEP-19,14-SEP-19,415.45,415.4,415.35,415.3,415.25,493.0,652.0,1.0,406.0,932.0,3.8,0.0,21-NOV-19,11-DEC-18,14416.52,Indraprastha Gas Limited,Listed,-4.357314758068128,29/11/2019 09:27:44,1574999864.124943,416.9,412.0,243562.0,23.63,12-SEP-19,5.0,2.0,438.7,,False,INE203G01027,415.7,241.0,N,,,413.0,0.92,411.9,No Band,370.75,453.05,ANNUAL GENERAL MEETING/DIVIDEND - RS 2.40 PER SHARE,1030851.0,,28-Nov-2019 00:00:00,6.4,415.7,415.75,415.8,415.85,415.9,439.0,572.0,1144.0,1.0,3897.0,EQ,,IGL,191952.0,209442.0,639.3,153847.0,7.5
,12.5,415.57,411.9,24-SEP-19,14-SEP-19,415.25,415.15,415.1,415.05,415.0,48.0,48.0,33.0,423.0,4085.0,3.55,0.0,21-NOV-19,11-DEC-18,14416.52,Indraprastha Gas Limited,Listed,-4.384247270997079,29/11/2019 09:31:32,1575000092.081758,416.9,412.0,243562.0,23.63,12-SEP-19,5.0,2.0,438.7,,False,INE203G01027,415.45,241.0,N,,,413.0,0.86,411.9,No Band,370.75,453.05,ANNUAL GENERAL MEETING/DIVIDEND - RS 2.40 PER SHARE,1030851.0,,28-Nov-2019 00:00:00,6.4,415.4,415.45,415.5,415.55,415.6,560.0,120.0,1197.0,3443.0,3741.0,EQ,,IGL,208995.0,228161.0,770.33,185368.0,7.5
,12.5,415.54,411.9,24-SEP-19,14-SEP-19,415.45,415.4,415.35,415.3,415.25,287.0,517.0,1488.0,799.0,1276.0,3.9,0.0,21-NOV-19,11-DEC-18,14416.52,Indraprastha Gas Limited,Listed,-0.22460304531227848,29/11/2019 09:36:48,1575000408.113002,416.9,412.0,243562.0,23.63,12-SEP-19,5.0,2.0,438.7,,False,INE203G01027,415.8,241.0,N,,,413.0,0.95,411.9,No Band,370.75,453.05,ANNUAL GENERAL MEETING/DIVIDEND - RS 2.40 PER SHARE,1030851.0,,28-Nov-2019 00:00:00,6.4,415.75,415.8,415.85,415.9,415.95,632.0,2959.0,334.0,1165.0,2532.0,EQ,,IGL,287861.0,289157.0,904.13,217580.0,7.5
,12.5,415.61,411.9,24-SEP-19,14-SEP-19,416.55,416.5,416.45,416.4,416.35,880.0,1140.0,34.0,453.0,97.0,4.65,0.0,21-NOV-19,11-DEC-18,14416.52,Indraprastha Gas Limited,Listed,1.6411369380762153,29/11/2019 09:40:08,1575000608.063183,416.9,412.0,243562.0,23.63,12-SEP-19,5.0,2.0,438.7,,False,INE203G01027,416.55,241.0,N,,,413.0,1.13,411.9,No Band,370.75,453.05,ANNUAL GENERAL MEETING/DIVIDEND - RS 2.40 PER SHARE,1030851.0,,28-Nov-2019 00:00:00,6.4,416.75,416.8,416.85,416.9,416.95,3072.0,1628.0,1270.0,1089.0,9131.0,EQ,,IGL,303009.0,293224.0,1028.47,247461.0,7.5
,12.5,415.69,411.9,24-SEP-19,14-SEP-19,416.15,416.1,416.05,416.0,415.95,67.0,1124.0,529.0,2151.0,359.0,4.25,0.0,21-NOV-19,11-DEC-18,14416.52,Indraprastha Gas Limited,Listed,1.5026214799199948,29/11/2019 09:42:09,1575000729.858945,416.9,412.0,243562.0,23.63,12-SEP-19,5.0,2.0,438.7,,False,INE203G01027,416.15,241.0,N,,,413.0,1.03,411.9,No Band,370.75,453.05,ANNUAL GENERAL MEETING/DIVIDEND - RS 2.40 PER SHARE,1030851.0,,28-Nov-2019 00:00:00,6.4,416.3,416.4,416.45,416.5,416.55,11.0,517.0,180.0,452.0,786.0,EQ,,IGL,300464.0,291568.0,1129.63,271748.0,7.5
,12.5,415.74,411.9,24-SEP-19,14-SEP-19,416.2,416.15,416.1,416.05,416.0,409.0,518.0,2.0,290.0,970.0,4.3,0.0,21-NOV-19,11-DEC-18,14416.52,Indraprastha Gas Limited,Listed,-0.5952153269194014,29/11/2019 09:46:48,1575001008.943683,416.9,412.0,243562.0,23.63,12-SEP-19,5.0,2.0,438.7,,False,INE203G01027,416.2,241.0,N,,,413.0,1.04,411.9,No Band,370.75,453.05,ANNUAL GENERAL MEETING/DIVIDEND - RS 2.40 PER SHARE,1030851.0,,28-Nov-2019 00:00:00,6.4,416.4,416.45,416.5,416.55,416.6,3200.0,1696.0,779.0,278.0,1720.0,EQ,,IGL,298858.0,302437.0,1237.5,297663.0,7.5
,12.5,415.86,411.9,24-SEP-19,14-SEP-19,416.55,416.5,416.45,416.4,416.35,586.0,449.0,531.0,142.0,630.0,4.8,0.0,21-NOV-19,11-DEC-18,14416.52,Indraprastha Gas Limited,Listed,-0.8161217222401973,29/11/2019 09:48:25,1575001105.426375,417.65,412.0,243562.0,23.63,12-SEP-19,5.0,2.0,438.7,,False,INE203G01027,416.7,241.0,N,,,413.0,1.17,411.9,No Band,370.75,453.05,ANNUAL GENERAL MEETING/DIVIDEND - RS 2.40 PER SHARE,1030851.0,,28-Nov-2019 00:00:00,6.4,416.7,416.75,416.8,416.85,416.9,129.0,24.0,242.0,2235.0,1224.0,EQ,,IGL,306379.0,311421.0,1378.38,331453.0,7.5
,12.5,415.91,411.9,24-SEP-19,14-SEP-19,416.35,416.3,416.25,416.2,416.15,134.0,1076.0,215.0,1046.0,92.0,4.5,0.0,21-NOV-19,11-DEC-18,14416.52,Indraprastha Gas Limited,Listed,-0.41248922122549914,29/11/2019 09:51:48,1575001308.909822,417.65,412.0,243562.0,23.63,12-SEP-19,5.0,2.0,438.7,,False,INE203G01027,416.4,241.0,N,,,413.0,1.09,411.9,No Band,370.75,453.05,ANNUAL GENERAL MEETING/DIVIDEND - RS 2.40 PER SHARE,1030851.0,,28-Nov-2019 00:00:00,6.4,416.55,416.6,416.65,416.7,416.75,250.0,352.0,24.0,110.0,468.0,EQ,,IGL,309514.0,312078.0,1467.33,352801.0,7.5
,12.5,415.92,411.9,24-SEP-19,14-SEP-19,415.6,415.55,415.5,415.45,415.4,58.0,316.0,383.0,93.0,10.0,3.85,0.0,21-NOV-19,11-DEC-18,14416.52,Indraprastha Gas Limited,Listed,-5.082595930704926,29/11/2019 09:55:12,1575001512.392539,417.65,412.0,243562.0,23.63,12-SEP-19,5.0,2.0,438.7,,False,INE203G01027,415.75,241.0,N,,,413.0,0.93,411.9,No Band,370.75,453.05,ANNUAL GENERAL MEETING/DIVIDEND - RS 2.40 PER SHARE,1030851.0,,28-Nov-2019 00:00:00,6.4,415.75,415.9,415.95,416.0,416.05,519.0,1068.0,1262.0,544.0,181.0,EQ,,IGL,300826.0,333043.0,1603.0,385411.0,7.5
,12.5,415.92,411.9,24-SEP-19,14-SEP-19,415.85,415.8,415.75,415.7,415.65,222.0,713.0,622.0,976.0,729.0,3.9,0.0,21-NOV-19,11-DEC-18,14416.52,Indraprastha Gas Limited,Listed,-4.5970464428112905,29/11/2019 09:58:54,1575001734.489408,417.65,412.0,243562.0,23.63,12-SEP-19,5.0,2.0,438.7,,False,INE203G01027,415.8,241.0,N,,,413.0,0.95,411.9,No Band,370.75,453.05,ANNUAL GENERAL MEETING/DIVIDEND - RS 2.40 PER SHARE,1030851.0,,28-Nov-2019 00:00:00,6.4,416.0,416.05,416.1,416.15,416.2,906.0,10.0,313.0,149.0,387.0,EQ,,IGL,309024.0,338805.0,1668.08,401059.0,7.5
,12.5,415.91,411.9,24-SEP-19,14-SEP-19,415.1,415.05,415.0,414.95,414.9,174.0,1715.0,5363.0,172.0,716.0,3.35,0.0,21-NOV-19,11-DEC-18,14416.52,Indraprastha Gas Limited,Listed,-8.10087616894208,29/11/2019 10:02:56,1575001976.720348,417.65,412.0,243562.0,23.63,12-SEP-19,5.0,2.0,438.7,,False,INE203G01027,415.25,241.0,N,,,413.0,0.81,411.9,No Band,370.75,453.05,ANNUAL GENERAL MEETING/DIVIDEND - RS 2.40 PER SHARE,1030851.0,,28-Nov-2019 00:00:00,6.4,415.25,415.3,415.35,415.4,415.45,98.0,300.0,193.0,1221.0,5819.0,EQ,,IGL,299139.0,351877.0,1716.78,412777.0,7.5
,12.5,415.91,411.9,24-SEP-19,14-SEP-19,415.1,415.05,415.0,414.95,414.9,174.0,1715.0,5363.0,172.0,716.0,3.35,0.0,21-NOV-19,11-DEC-18,14416.52,Indraprastha Gas Limited,Listed,-8.10087616894208,29/11/2019 10:03:40,1575002020.963564,417.65,412.0,243562.0,23.63,12-SEP-19,5.0,2.0,438.7,,False,INE203G01027,415.25,241.0,N,,,413.0,0.81,411.9,No Band,370.75,453.05,ANNUAL GENERAL MEETING/DIVIDEND - RS 2.40 PER SHARE,1030851.0,,28-Nov-2019 00:00:00,6.4,415.25,415.3,415.35,415.4,415.45,98.0,300.0,193.0,1221.0,5819.0,EQ,,IGL,299139.0,351877.0,1716.78,412777.0,7.5
,12.5,415.79,411.9,24-SEP-19,14-SEP-19,414.7,414.65,414.6,414.55,414.5,13.0,40.0,299.0,226.0,110.0,2.9,0.0,21-NOV-19,11-DEC-18,14416.52,Indraprastha Gas Limited,Listed,-9.970903285996897,29/11/2019 10:09:01,1575002341.793707,417.65,412.0,243562.0,23.63,12-SEP-19,5.0,2.0,438.7,,False,INE203G01027,414.8,241.0,N,,,413.0,0.7,411.9,No Band,370.75,453.05,ANNUAL GENERAL MEETING/DIVIDEND - RS 2.40 PER SHARE,1030851.0,,28-Nov-2019 00:00:00,6.4,414.8,414.85,414.9,414.95,415.0,202.0,110.0,92.0,613.0,6536.0,EQ,,IGL,300595.0,367178.0,1896.36,456087.0,7.5
,12.5,415.79,411.9,24-SEP-19,14-SEP-19,414.7,414.65,414.6,414.55,414.5,13.0,40.0,299.0,226.0,110.0,2.9,0.0,21-NOV-19,11-DEC-18,14416.52,Indraprastha Gas Limited,Listed,-9.970903285996897,29/11/2019 10:10:26,1575002426.725672,417.65,412.0,243562.0,23.63,12-SEP-19,5.0,2.0,438.7,,False,INE203G01027,414.8,241.0,N,,,413.0,0.7,411.9,No Band,370.75,453.05,ANNUAL GENERAL MEETING/DIVIDEND - RS 2.40 PER SHARE,1030851.0,,28-Nov-2019 00:00:00,6.4,414.8,414.85,414.9,414.95,415.0,202.0,110.0,92.0,613.0,6536.0,EQ,,IGL,300595.0,367178.0,1896.36,456087.0,7.5
,12.5,415.79,411.9,24-SEP-19,14-SEP-19,416.55,416.5,416.45,416.4,416.35,242.0,1215.0,25.0,308.0,158.0,4.65,0.0,21-NOV-19,11-DEC-18,14416.52,Indraprastha Gas Limited,Listed,-2.9212497511447424,29/11/2019 10:14:41,1575002681.396605,417.65,412.0,261087.0,60.39,12-SEP-19,5.0,2.0,438.7,,False,INE203G01027,416.55,241.0,N,,,413.0,1.13,411.9,No Band,370.75,453.05,ANNUAL GENERAL MEETING/DIVIDEND - RS 2.40 PER SHARE,432322.0,,29-Nov-2019 10:00:00,6.4,416.7,416.8,416.85,416.9,416.95,159.0,105.0,581.0,1419.0,293.0,EQ,,IGL,312081.0,330863.0,2081.89,500707.0,7.5
,12.5,415.81,411.9,24-SEP-19,14-SEP-19,416.6,416.55,416.45,416.4,416.35,54.0,5.0,6.0,310.0,4.0,4.7,0.0,21-NOV-19,11-DEC-18,14416.52,Indraprastha Gas Limited,Listed,-3.414784457523183,29/11/2019 10:16:19,1575002779.001163,417.65,412.0,261087.0,60.39,12-SEP-19,5.0,2.0,438.7,,False,INE203G01027,416.6,241.0,N,,,413.0,1.14,411.9,No Band,370.75,453.05,ANNUAL GENERAL MEETING/DIVIDEND - RS 2.40 PER SHARE,432322.0,,29-Nov-2019 10:00:00,6.4,416.7,416.75,416.8,416.85,416.9,747.0,244.0,1206.0,1084.0,1783.0,EQ,,IGL,313448.0,335612.0,2148.52,516708.0,7.5
,12.5,415.82,411.9,24-SEP-19,14-SEP-19,415.85,415.8,415.75,415.7,415.65,50.0,1.0,125.0,1150.0,1072.0,4.0,0.0,21-NOV-19,11-DEC-18,14416.52,Indraprastha Gas Limited,Listed,-6.5368474166487545,29/11/2019 10:18:54,1575002934.135707,417.65,412.0,261087.0,60.39,12-SEP-19,5.0,2.0,438.7,,False,INE203G01027,415.9,241.0,N,,,413.0,0.97,411.9,No Band,370.75,453.05,ANNUAL GENERAL MEETING/DIVIDEND - RS 2.40 PER SHARE,432322.0,,29-Nov-2019 10:00:00,6.4,415.95,416.0,416.05,416.1,416.15,1073.0,3017.0,92.0,405.0,472.0,EQ,,IGL,306554.0,349435.0,2219.68,533807.0,7.5
,12.5,415.83,411.9,24-SEP-19,14-SEP-19,416.35,416.3,416.25,416.2,416.15,379.0,1228.0,425.0,555.0,877.0,4.6,0.0,21-NOV-19,11-DEC-18,14416.52,Indraprastha Gas Limited,Listed,-1.7119391470622674,29/11/2019 10:23:27,1575003207.405194,417.65,412.0,261087.0,60.39,12-SEP-19,5.0,2.0,438.7,,False,INE203G01027,416.5,241.0,N,,,413.0,1.12,411.9,No Band,370.75,453.05,ANNUAL GENERAL MEETING/DIVIDEND - RS 2.40 PER SHARE,432322.0,,29-Nov-2019 10:00:00,6.4,416.5,416.65,416.7,416.75,416.8,293.0,529.0,977.0,3500.0,712.0,EQ,,IGL,327428.0,338834.0,2280.22,548355.0,7.5
,12.5,415.86,411.9,24-SEP-19,14-SEP-19,416.55,416.5,416.45,416.4,416.35,198.0,10.0,376.0,717.0,574.0,4.65,0.0,21-NOV-19,11-DEC-18,14416.52,Indraprastha Gas Limited,Listed,-0.36945997167673283,29/11/2019 10:27:00,1575003420.069906,417.65,412.0,261087.0,60.39,12-SEP-19,5.0,2.0,438.7,,False,INE203G01027,416.55,241.0,N,,,413.0,1.13,411.9,No Band,370.75,453.05,ANNUAL GENERAL MEETING/DIVIDEND - RS 2.40 PER SHARE,432322.0,,29-Nov-2019 10:00:00,6.4,416.7,416.75,416.8,416.85,416.9,608.0,24.0,2813.0,428.0,953.0,EQ,,IGL,332767.0,335235.0,2364.26,568522.0,7.5
,12.5,415.86,411.9,24-SEP-19,14-SEP-19,416.55,416.5,416.45,416.4,416.35,198.0,10.0,376.0,717.0,574.0,4.65,0.0,21-NOV-19,11-DEC-18,14416.52,Indraprastha Gas Limited,Listed,-0.36945997167673283,29/11/2019 10:28:17,1575003497.643509,417.65,412.0,261087.0,60.39,12-SEP-19,5.0,2.0,438.7,,False,INE203G01027,416.55,241.0,N,,,413.0,1.13,411.9,No Band,370.75,453.05,ANNUAL GENERAL MEETING/DIVIDEND - RS 2.40 PER SHARE,432322.0,,29-Nov-2019 10:00:00,6.4,416.7,416.75,416.8,416.85,416.9,608.0,24.0,2813.0,428.0,953.0,EQ,,IGL,332767.0,335235.0,2364.26,568522.0,7.5
,12.5,415.92,411.9,24-SEP-19,14-SEP-19,417.1,417.05,417.0,416.95,416.9,250.0,5.0,131.0,118.0,1929.0,5.2,0.0,21-NOV-19,11-DEC-18,14416.52,Indraprastha Gas Limited,Listed,1.1669455676930625,29/11/2019 10:31:10,1575003670.651982,417.65,412.0,261087.0,60.39,12-SEP-19,5.0,2.0,438.7,,False,INE203G01027,417.1,241.0,N,,,413.0,1.26,411.9,No Band,370.75,453.05,ANNUAL GENERAL MEETING/DIVIDEND - RS 2.40 PER SHARE,432322.0,,29-Nov-2019 10:00:00,6.4,417.15,417.2,417.25,417.3,417.35,1915.0,6065.0,540.0,388.0,3905.0,EQ,,IGL,341877.0,333990.0,2481.77,596695.0,7.5
